type	name	link	description	openAPISpec	smartAPISpec	smartAPIURL	entityPageExample
API	exRNA Atlas JSON-LD	https://brl-bcm.stoplight.io/docs/exrna-atlas-json-api/ZG9jOjQ1Mg-overview		True	False		
ETL	build_file_lincs2021.py	https://github.com/nih-cfde/LINCS-metadata/blob/main/scripts/build_file_lincs2021.py					
API	SigCom LINCS Data	https://smart-api.info/ui/fdb3ecfcf5006a142d3f5522930324f1		True	True		
API	SigCom LINCS Metadata	https://smart-api.info/ui/75cfc060ea7bec431a356c00c4a67c74		True	True		
API	Enrichr	https://smart-api.info/ui/d2cd419fdeace3e941984bc542e9383f		True	True		
API	L1000CDS2	https://smart-api.info/ui/c6fdcbd1d6be2a51c065e18eabed4bb1		True	True		
API	FAIRshake API v2	https://smart-api.info/ui/8113167e81987d36b707ae4aa795b17e		True	True		
API	L1000FWD	https://smart-api.info/ui/235e75417247f07e5fed6acf3f345bb7		True	True		
API	Harmonizome	https://smart-api.info/ui/02ff8a216233cad70e56c8c34fac7c1d		True	True		
API	FAIRshake	https://smart-api.info/ui/c8e4c6c6633ead7ddc2ecf3dc6ac97b2		True	True		
API	GTEx API	https://gtexportal.org/api/v2/redoc#tag/GTEx-Portal-API-Info		False	False		
API	GA4GH RNAget API	https://ga4gh-rnaseq.github.io/schema/docs/index.html		True	False		
API	Pharos Microservice API	https://smart-api.info/ui/b8399f43cd71264faca4d798c793aa30		True	True		
API	BioCompute Object Data Base API	https://biocomputeobject.org/api/docs/		True	False		
API	Gene ID Conversion REST API	https://smart-api.info/ui/e712b9eb07e637a00ae468f757ce2a1f		True	True		
API	MetGENE REST API	https://smart-api.info/ui/342e4cec92030d74efd84b61650fb0ea		True	True		
PWB Metanodes	ConvertedGeneID	https://github.com/nih-cfde/playbook-partnership/blob/main/components/MW/ConvertedGeneID/index.tsx					
PWB Metanodes	MetENP_on_MetSet	https://github.com/nih-cfde/playbook-partnership/blob/main/components/MW/MetENP_on_MetSet/index.tsx					
PWB Metanodes	PPI_StringDB	https://github.com/nih-cfde/playbook-partnership/blob/main/components/MW/PPI_StringDB/index.tsx					
PWB Metanodes	GeneIDConv	https://github.com/nih-cfde/playbook-partnership/blob/main/components/MW/geneidconv/index.tsx					
PWB Metanodes	MetaboliteInfo	https://github.com/nih-cfde/playbook-partnership/blob/main/components/MW/metaboliteInfo/index.tsx					
PWB Metanodes	MetaboliteSummary	https://github.com/nih-cfde/playbook-partnership/blob/main/components/MW/metabolite_summary/index.tsx					
PWB Metanodes	MetgeneMetaboliteTable	https://github.com/nih-cfde/playbook-partnership/blob/main/components/MW/metgene_metabolite_table/index.tsx					
PWB Metanodes	MetgeneMetabolites	https://github.com/nih-cfde/playbook-partnership/blob/main/components/MW/metgene_metabolites/index.tsx					
PWB Metanodes	MetGeneRxnTable	https://github.com/nih-cfde/playbook-partnership/blob/main/components/MW/metgene_rxn_table/index.tsx					
PWB Metanodes	MetGeneRxns	https://github.com/nih-cfde/playbook-partnership/blob/main/components/MW/metgene_rxns/index.tsx					
PWB Metanodes	MetGeneStudies	https://github.com/nih-cfde/playbook-partnership/blob/main/components/MW/metgene_studies/index.tsx					
PWB Metanodes	MetGeneStudyTable	https://github.com/nih-cfde/playbook-partnership/blob/main/components/MW/metgene_study_table/index.tsx					
PWB Metanodes	MetGeneSummary	https://github.com/nih-cfde/playbook-partnership/blob/main/components/MW/metgene_summary/index.tsx					
PWB Metanodes	MetGeneSummaryTable	https://github.com/nih-cfde/playbook-partnership/blob/main/components/MW/metgene_summary_table/index.tsx					
Entity Page Template	SigCom LINCS Gene Pages	https://maayanlab.cloud/sigcom-lincs/#/MetadataSearch/Genes?query={"skip":0,"limit":10,"search":["{gene.symbol}"]}					https://maayanlab.cloud/sigcom-lincs/#/MetadataSearch/Genes?query={"skip":0,"limit":10,"search":["ACE2"]}
Entity Page Template	SigCom LINCS Drug Pages	https://maayanlab.cloud/sigcom-lincs/#/MetadataSearch/Signatures?query={"search":["{drug.label}"]}					https://maayanlab.cloud/sigcom-lincs/#/MetadataSearch/Signatures?query={"search":["Imatinib"]}
Entity Page Template	Harmonizome Gene Pages	https://maayanlab.cloud/Harmonizome/gene/{gene.symbol}					https://maayanlab.cloud/Harmonizome/gene/ACE2
Entity Page Template	Drugmonizome Drug Pages	https://maayanlab.cloud/drugmonizome/#/TermSearch/Small%20molecules?query={"limit":10,"search":["{drug.label}"]}					https://maayanlab.cloud/drugmonizome/#/TermSearch/Small%20molecules?query={"limit":10,"search":["Imatinib"]}
Entity Page Template	IDG Reactome Gene Pages	https://idg.reactome.org/search/{gene.symbol}					https://idg.reactome.org/search/ACE2
Entity Page Template	Pharos Gene Pages	https://pharos.nih.gov/search?q={gene.symbol}					https://pharos.nih.gov/search?q=ACE2
Entity Page Template	DrugCentral Drug Pages	https://drugcentral.org/?q={drug.label}					https://drugcentral.org/?q=imatinib
Entity Page Template	ZINC15 Drug Pages	https://zinc15.docking.org/substances/search/?q={drug.label}					https://zinc15.docking.org/substances/search/?q=imatinib
Entity Page Template	GlyGen Protein Pages	https://www.glygen.org/protein/{protein.uniprot}					https://www.glygen.org/protein/Q9BYF1
Entity Page Template	MetGENE Gene Pages	https://bdcw.org/MetGENE/metGene.php?GeneInfoStr={gene.symbol}&GeneIDType=SYMBOL&species=hsa&anatomy=NA&disease_slim=&disease=NA					https://bdcw.org/MetGENE/metGene.php?GeneInfoStr=ACE2&GeneIDType=SYMBOL&species=hsa&anatomy=NA&disease_slim=&disease=NA
Entity Page Template	GTEx Portal Gene Pages	https://www.gtexportal.org/home/gene/{gene.ensembl}					https://www.gtexportal.org/home/gene/ENSG00000130234
Apps URL	SenNet Data Portal	https://data.sennetconsortium.org/		False	False		
API	HuBMAP Entity API	https://entity.api.hubmapconsortium.org/	The HuBMAP Entity API is a standard RESTful web service with create, update and read operations for the standard HuBMAP provenance graph entities.	False	True	https://smart-api.info/ui/0065e419668f3336a40d1f5ab89c6ba3	
API	SenNet Search API	https://search.api.sennetconsortium.org	The SenNet Search API is a thin wrapper of the Elasticsearch API. It handles data indexing and reindexing into the backend Elasticsearch. It also accepts the search query and passes through to the Elasticsearch with data access security check.	False	True	https://smart-api.info/ui/10ed9b5eb8ff960d4431befc591ed842	
API	SenNet Entity API	https://entity.api.sennetconsortium.org	The SenNet Entity API is a standard RESTful web service with create, update and read operations for the standard SenNet provenance graph entities.	False	True	https://smart-api.info/ui/7d838c9dee0caa2f8fe57173282c5812	
Apps URL	SenNet Exploration User Interface	https://data.sennetconsortium.org/ccf-eui		False	False		
Apps URL	LINCS Tools Marketplace	https://lincsproject.org/LINCS/tools	The LINCS Tools Marketplace page serves a listing of applications produced  using LINCS datasets by the LINCS consortium. 	False	False		
API	CFDE GeneReg Linked Data Hub	https://genboree.org/cfde-gene-dev/ui/api-docs		False	False		
API	Allele Registry	https://reg.clinicalgenome.org/doc/		False	False		
API	Linked Data Hub	https://ldh.clinicalgenome.org/ldh/ui/api-docs		False	False		
PWB Metanodes	Variant	https://playbook-workflow-builder.cloud/components/MyVariantInfo					
PWB Metanodes	Regulatory Element Info	https://playbook-workflow-builder.cloud/components/RegulatoryElementInfo					
PWB Metanodes	VariantInfo	https://playbook-workflow-builder.cloud/components/VariantInfo					
PWB Metanodes	LINCS L1000 Reverse Search	https://playbook-workflow-builder.cloud/components/LINCSL1000ReverseSearchDashboard					
ETL	process_mcf10a_c2m2.py	https://github.com/nih-cfde/LINCS-metadata/blob/main/scripts/process_mcf10a_c2m2.py					
Apps URL	SPARC Tools and Resources	https://sparc.science/tools-and-resources/tools	SPARC Portal page listing SPARC associated tools and resources	False	False		
API	SmartAPI URL	https://smart-api.info/01					
API	OpenAPI URL	https://smart-api.info/					
API	Enrichr API	https://maayanlab.cloud/Enrichr/help#api		False	False		
ETL	LINCS ETL script	https://github.com/nih-cfde/LINCS-metadata/blob/main/scripts/process_mcf10a_cm2.py		False	False		
PWB Metanodes	SigCom LINCS Gene Set Search Results	https://playbook-workflow-builder.cloud/components/SigComLINCSGeneSetResults		False	False		
PWB Metanodes	SigCom LINCS Signature Search Results	https://playbook-workflow-builder.cloud/components/SigComLINCSSignatureResults		False	False		
Apps URL	 Human Reference Atlas	https://humanatlas.io/	A Human Reference Atlas (HRA) is a comprehensive, high-resolution, three-dimensional atlas of all the cells in the healthy human body. The Human Reference Atlas provides standard terminologies and data structures for describing specimens, biological structures, and spatial positions linked to existing ontologies.	False	False		
Apps URL	HRA Exploration	https://portal.hubmapconsortium.org/ccf-eui		False	False		
ETL	LINCS ETL Script	https://github.com/nih-cfde/LINCS-metadata/blob/main/scripts/process_mcf0a_c2m2.py		False	False		
ETL	LINCS ETL Script	https://github.com/nih-cfde/LINCS-metadata/blob/main/scripts/process_mf10a_c2m2.py		False	False		
Entity Page Template	SigCom LINCS Gene Template	https://maayanlab.cloud/sigcom-lincs/#/MetadataSearch/Genes?query={"skip":0,"limit":10,"search":["<GENE_NAME>"]}	Template URL for SigCom LINCS Gene	False	False		
ETL	LINCS ETL script test 	https://github.com/nih-cfde/LINCS-metadata/blob/ain/scripts/process_mcf10a_c2m2.py	test notification	False	False		
Entity Page Template	SigCom LINCS Drug Template	https://maayanlab.cloud/sigcom-lincs/#/MetadataSearch/Signatures?query={"search":["<DRUG_NAME>"]}		False	False		
Entity Page Template	SigCom LINCS Gene Example (ACE2)	https://maayanlab.cloud/sigcom-lincs/#/MetadataSearch/Genes?query={"skip":0,"limit":10,"search":["ACE2"]}	Example entity page for ACE2 in SigCom LINCS	False	False		
Entity Page Template	SigCom LINCS Drug Example (Imatinib)	https://maayanlab.cloud/sigcom-lincs/#/MetadataSearch/Signatures?query={"search":["Imatinib"]}	Example drug page for imatinib in SigCom LINCS	False	False		
Entity Page Template	LINCS Data Portal 2.0 Template	http://lincsportal.ccs.miami.edu/signatures/perturbations/<PERT_ID>	Template gene page URL for LINCS Data Portal 2.0 	False	False		
Entity Page Template	LINCS Data Portal 2.0 Example (Imatinib)	http://lincsportal.ccs.miami.edu/signatures/perturbations/16646	Example drug page for imatinib (perturbation ID 16646) in LINCS Data Portal 2.0 	False	False		
Entity Page Template	Harmonizome Template	https://maayanlab.cloud/Harmonizome/gene/<GENE_NAME>	Example gene page URL template for Harmonizome	False	False		
Entity Page Template	Harmonizome Example (ACE2)	https://maayanlab.cloud/Harmonizome/gene/ACE2	Example gene page for ACE2 in Harmonizome	False	False		
Entity Page Template	Drugmonizome Template	https://maayanlab.cloud/drugmonizome/#/TermSearch/Small%20molecules?query={"limit":10,"search":["<DRUG_NAME>"]}	Template drug page URL for Drugmonizome	False	False		
Entity Page Template	Drugmonizome Example (Imatinib)	https://maayanlab.cloud/drugmonizome/#/TermSearch/Small%20molecules?query={"limit":10,"search":["Imatinib"]}	Example drug page for imatinib in Drugmonizome	False	False		
ETL	Bridge2AI CM4AI DGP Teaming recommendation algorithms	https://github.com/jiaweixu98/cm4ai-teaming-recommendation	Bridge2AI CM4AI Data Generation Project. Teaming recommendation algorithms.	False	False		
API	GlyGen API	https://api.glygen.org/		True	False		
PWB Metanodes	Variant	https://github.com/nih-cfde/playbook-partnership/blob/main/components/core/primitives/variant.ts					
PWB Metanodes	Regulatory Element	https://github.com/nih-cfde/playbook-partnership/blob/main/components/core/primitives/regulatoryElement.ts					
PWB Metanodes	Regulatory Element Info	https://github.com/nih-cfde/playbook-partnership/blob/main/components/service/regulatoryElementInfo/index.tsx					
PWB Metanodes	VariantInfo	https://github.com/nih-cfde/playbook-partnership/blob/main/components/service/variantinfo/index.tsx					
PWB Metanodes	GeneInfo	https://github.com/nih-cfde/playbook-partnership/blob/main/components/service/ldh/index.tsx					
PWB Metanodes	LINCS L1000 Reverse Search	https://github.com/nih-cfde/playbook-partnership/tree/main/components/lincs/l1000-reverse-search					
API	HuBMAP Entity API	https://entity.api.hubmapconsortium.org	The HuBMAP Entity API is a standard RESTful web service with create, update and read operations for the standard HuBMAP provenance graph entities.	False	True	https://smart-api.info/ui/0065e419668f3336a40d1f5ab89c6ba3	
API	HuBMAP Search API	https://search.api.hubmapconsortium.org/v3/	The HuBMAP Search API is a thin wrapper of the Elasticsearch API. It handles data indexing and reindexing into the backend Elasticsearch. It also accepts the search query and passes through to the Elasticsearch with data access security check. 	False	True	https://smart-api.info/ui/7aaf02b838022d564da776b03f357158	
Apps URL	HuBMAP Data Portal	https://portal.hubmapconsortium.org/	The HuBMAP Data Portal is the central resource for discovery, visualization, and download of single-cell tissue data generated by the consortium. A standardized data curation and processing workflow ensure that only high quality is released.	False	False		
API	SmartAPI URL	https://smart-api.info/api/metadata/75cfc060ea7bec431a356c00c4a67c74?raw=1					
