filetype	filename	link	size	sha256checksum
KG Assertions	dictionary_NAR_databases_deduplicate.csv	https://cfde-drc.s3.amazonaws.com/Bridge2AI/KG Assertions/2024-03-01/dictionary_NAR_databases_deduplicate.csv	332431	idxebqqDNkRDqgG4IDziJPyzOG83XfQLznIPMUGypq8=
KG Assertions	Papers.csv	https://cfde-drc.s3.amazonaws.com/Bridge2AI/KG Assertions/2024-03-01/Papers.csv	305136	TFRyCZSHx9Y3RHZd0SXOa7T4+hEYTPlXupVFUPDZxis=
KG Assertions	tkg 2.0.zip	https://cfde-drc.s3.amazonaws.com/Bridge2AI/KG Assertions/2024-03-01/tkg 2.0.zip	303893995	6ZpPhxpW95YWPREcYff5qteHdGaRitMkHeuQbGDerF8=
XMT	MoTrPAC_Endurance_Trained_Rats_2023.gmt	https://cfde-drc.s3.amazonaws.com/MoTrPAC/XMT/2024-03-05/MoTrPAC_Endurance_Trained_Rats_2023.gmt	187733	GHbcupKlcgz78vtTbdkSaY3RbiPNWzLNPMD104Yhugc=
XMT	LINCS_XMT_2022-12-13_LINCS_L1000_Chemical_Pertubation_Consensus_Signatures.gmt	https://cfde-drc.s3.amazonaws.com/LINCS/XMT/2024-04-11/LINCS_XMT_2022-12-13_LINCS_L1000_Chemical_Pertubation_Consensus_Signatures.gmt	16319270	BxZ89Ja3/S7lTaA6yCv/Xhgwoh8EIy25JnF1Sk7VphY=
XMT	testfile.gmt	https://cfde-drc.s3.amazonaws.com/LINCS/XMT/2024-04-23/testfile.gmt	80	MWcavCS4IMIBHGVvlq3AVOy9Qbgd6RgfDAh3CgjCdqY=
C2M2	2024-01-04T11_45_25.136063-a7bb912c-ab20-11ee-9ed4-02402ff490c1.zip	https://cfde-drc.s3.amazonaws.com/HuBMAP/C2M2/2024-04-26/2024-01-04T11_45_25.136063-a7bb912c-ab20-11ee-9ed4-02402ff490c1.zip	1076294222	pmm476mNJOP4SB/kI83WaWNhb5QpBjXv3w7DFvEkuhY=
C2M2	hubmap-test-submission.zip	https://cfde-drc.s3.amazonaws.com/HuBMAP/C2M2/2024-04-26/hubmap-test-submission.zip	1076294222	pmm476mNJOP4SB/kI83WaWNhb5QpBjXv3w7DFvEkuhY=
KG Assertions	GTEx.zip	https://cfde-drc.s3.amazonaws.com/GTEx/KG Assertions/2024-04-29/GTEx.zip	149456464	icIIQG/ikXF55yVGBU8fzfObHFBYbdRo3Vguy0CiDko=
KG Assertions	4DN.zip	https://cfde-drc.s3.amazonaws.com/4DN/KG Assertions/2024-04-29/4DN.zip	25394417	X9yf+MN9LVlywBS75uLU9ncOiKThkm/vAdCl5FfifO4=
KG Assertions	SPARC.zip	https://cfde-drc.s3.amazonaws.com/SPARC/KG Assertions/2024-04-29/SPARC.zip	71198	yxjgWCZ8xxRC9Wcfny1AIGo5iXiH6sstd4mdTm6EARM=
KG Assertions	4DN.zip	https://cfde-drc.s3.amazonaws.com/4DN/KG Assertions/2024-05-08/4DN.zip	51621382	6IUQM1yQ+QlMPApGC8fxTqLkZ7eMieQPK2aboayD7wY=
KG Assertions	GlyGen.zip	https://cfde-drc.s3.amazonaws.com/GlyGen/KG Assertions/2024-05-08/GlyGen.zip	43850865	GVANkipcOEEB/V1n1Uoa2gAwQPXtBpRhGcp0K9dJvjg=
KG Assertions	SPARC.zip	https://cfde-drc.s3.amazonaws.com/SPARC/KG Assertions/2024-05-08/SPARC.zip	198701	bJxwEgDyZgr80e4Onw60LFrKRs3X6qi3bXklGL2eXww=
C2M2	datapackage.zip	https://cfde-drc.s3.amazonaws.com/Kids%20First/C2M2/2024-04-03/KidsFirst_C2M2_2023-11-29_datapackage.zip	35414509	
C2M2	datapackage.zip	https://cfde-drc.s3.amazonaws.com/Kids%20First/C2M2/2024-04-03/KidsFirst_C2M2_datapackage_2024-03-10.zip	38911884	
C2M2	datapackage.zip	https://cfde-drc.s3.amazonaws.com/SPARC/C2M2/2024-01-03/SPARC_C2M2_2024-01-03_datapackage.zip	40148105	
Attribute Table	LINCS L1000 CRISPR Perturbations	https://lincs-dcic.s3.amazonaws.com/LINCS-sigs-2021/gctx/cd-coefficient/xpr_coeff_mat.gctx	7016682296	
Attribute Table	LINCS L1000 Chemical Perturbations	https://lincs-dcic.s3.amazonaws.com/LINCS-sigs-2021/gctx/cd-coefficient/cp_coeff_mat.gctx	36084518760	
KG Assertions	4DN.zip	https://cfde-drc.s3.amazonaws.com/4DN/KG%20Assertions/2024-05-08/4DN.zip	51621382	
KG Assertions	ERCC.zip	https://cfde-drc.s3.amazonaws.com/ExRNA/KG%20Assertions/2024-05-08/ERCC.zip	483819533	
KG Assertions	GTEx.zip	https://cfde-drc.s3.amazonaws.com/GTEx/KG%20Assertions/2024-05-08/GTEx.zip	410160695	
KG Assertions	GlyGen.zip	https://cfde-drc.s3.amazonaws.com/GlyGen/KG%20Assertions/2024-05-08/GlyGen.zip	43850865	
KG Assertions	HuBMAP.zip	https://cfde-drc.s3.amazonaws.com/HuBMAP/KG%20Assertions/2024-05-08/HuBMAP.zip	70988	
KG Assertions	IDG.zip	https://cfde-drc.s3.amazonaws.com/IDG/KG%20Assertions/2024-05-08/IDG.zip	29404282	
KG Assertions	KF.zip	https://cfde-drc.s3.amazonaws.com/KidsFirst/KG%20Assertions/2024-05-08/KF.zip	3413457	
KG Assertions	LINCS.zip	https://cfde-drc.s3.amazonaws.com/LINCS/KG%20Assertions/2024-05-08/LINCS.zip	12180995	
KG Assertions	MW.zip	https://cfde-drc.s3.amazonaws.com/Metabolomics/KG%20Assertions/2024-05-08/MW.zip	1794255	
KG Assertions	MoTrPAC.zip	https://cfde-drc.s3.amazonaws.com/MoTrPAC/KG%20Assertions/2024-05-08/MoTrPAC.zip	1285509	
KG Assertions	SPARC.zip	https://cfde-drc.s3.amazonaws.com/SPARC/KG%20Assertions/2024-05-08/SPARC.zip	198701	
C2M2	240605_c2m2_4dn_submission.zip	https://cfde-drc.s3.amazonaws.com/4DN/C2M2/2024-06-05/240605_c2m2_4dn_submission.zip	5530781	5JBU5Olsomz9ll+lYxm54riw6jSq+YXQurEIe2PoY7w=
C2M2	MW_submission_packet_20240605.zip	https://cfde-drc.s3.amazonaws.com/Metabolomics/C2M2/2024-06-06/MW_submission_packet_20240605.zip	4406941	VXilj+J7RaoP9vytP3L2WojeF8wiGqdx8ADctsDNAQs=
C2M2	glygen_may_autogenerated_C2M2_term_tables.zip	https://cfde-drc.s3.amazonaws.com/GlyGen/C2M2/2024-06-12/glygen_may_autogenerated_C2M2_term_tables.zip	11113468	S24TKHI03+XEegEDxlRJnBeLWU2QFiKboSqk0S7pa4w=
C2M2	submission.zip	https://cfde-drc.s3.amazonaws.com/HuBMAP/C2M2/2024-06-13/submission.zip	1085502634	qHRc24KvTh4nCRGY0N8EN9n1MrMeQDLkaOwDLB/kHls=
C2M2	fy2024q3-cfde-c2m2-kids-first.zip	https://cfde-drc.s3.amazonaws.com/KidsFirst/C2M2/2024-06-14/fy2024q3-cfde-c2m2-kids-first.zip	39482210	2ut5JSTx0SoS4FhNdlOTsM+rDFBpRn4REgeHwVvTeRU=
C2M2	c2m2_2024JUN15_submit.zip	https://cfde-drc.s3.amazonaws.com/SPARC/C2M2/2024-06-15/c2m2_2024JUN15_submit.zip	17804903	nTNi8z0ngR9CWvlKLd41x53Iv5P/2ZFYdEXEeAXCbug=
C2M2	IDG_C2M2_2024-01-09_datapackage_validated.zip	https://cfde-drc.s3.amazonaws.com/IDG/C2M2/2024-07-03/IDG_C2M2_2024-01-09_datapackage_validated.zip	17072029	gLn89lr2ach8rcu3NT20utJ/X6G1n4I58q1rtel13zc=
C2M2	glygen_may_autogenerated_C2M2_term_tables_validated.zip	https://cfde-drc.s3.amazonaws.com/GlyGen/C2M2/2024-07-03/glygen_may_autogenerated_C2M2_term_tables_validated.zip	11143286	6KkVbJud1O2ovwLJZ3qeyQFe2RX1bJmseRdXwyBxtTI=
C2M2	submission_validated.zip	https://cfde-drc.s3.amazonaws.com/HuBMAP/C2M2/2024-07-03/submission_validated.zip	1079774405	2T6J6GUAiWWhFkr9otvydvvEPb9Ys2q0gl96xHzGjHU=
KG Assertions	ERCC.zip	https://cfde-drc.s3.amazonaws.com/ExRNA/KG Assertions/2024-04-29/ERCC.zip	203667501	KCywvmoT8oWQ3HHKg4Elmp9NttDB8gHCL1bfCDgsbt0=
KG Assertions	GlyGen.zip	https://cfde-drc.s3.amazonaws.com/GlyGen/KG Assertions/2024-04-29/GlyGen.zip	14753075	26cYSrm2TAxL0P67lA0Fe478v/Vlw7Qoz57ZX4w32eg=
KG Assertions	LINCS.zip	https://cfde-drc.s3.amazonaws.com/LINCS/KG Assertions/2024-04-29/LINCS.zip	4232787	sFWfIPJ5dBG8RhFmDb4FORffdC7cX2lnW3X8nXiW5uM=
KG Assertions	ERCC.zip	https://cfde-drc.s3.amazonaws.com/ExRNA/KG Assertions/2024-05-08/ERCC.zip	483819533	qCY+DC6EFkdAZfvWYuo3WuibRmFZ3FNe2ldJCqXMhmE=
KG Assertions	GTEx.zip	https://cfde-drc.s3.amazonaws.com/GTEx/KG Assertions/2024-05-08/GTEx.zip	410160695	iD1lP/woqdEVtSkxAyfH+lEgzG0eXB+So1vG6FtkMWU=
KG Assertions	IDG.zip	https://cfde-drc.s3.amazonaws.com/IDG/KG Assertions/2024-05-08/IDG.zip	29404282	kOEiodkb4dn9mJ0xPLs/9LVS2HhbhjTXD485n0GeT/s=
KG Assertions	KF.zip	https://cfde-drc.s3.amazonaws.com/KidsFirst/KG Assertions/2024-05-08/KF.zip	3413457	5nl+qcVqyA45UjAr5FUxCtrEWLGBvApTWERWR8BIkmw=
Attribute Table	LINCS_L1000_Chemical_Perturbation_Consensus_CD_Sigs.h5	https://cfde-drc.s3.amazonaws.com/LINCS/Attribute Table/2024-03-28/LINCS_L1000_Chemical_Perturbation_Consensus_CD_Sigs.h5	1545591650	QpueL0q0pRLT45UHKLCwYMYUnFpWYdPAnFz7YrZpTRY=
KG Assertions	HuBMAP.zip	https://cfde-drc.s3.amazonaws.com/HuBMAP/KG Assertions/2024-04-29/HuBMAP.zip	31399	79Z166xSXM2zi2pUwXZWSbPIw5nWIn0VOncOr1jLN6c=
KG Assertions	HuBMAP.zip	https://cfde-drc.s3.amazonaws.com/HuBMAP/KG Assertions/2024-05-08/HuBMAP.zip	70988	1dA1JEb7fSSik4raDNFyvr/Gq1JDr5I1BJc4XEHbfIM=
KG Assertions	MoTrPAC.zip	https://cfde-drc.s3.amazonaws.com/MoTrPAC/KG Assertions/2024-05-08/MoTrPAC.zip	1285509	dJE3jAAtL36C5BXt8oclPHRBfr1Tqs39QLYXijpSfA8=
XMT	LINCS_L1000_Chem_Pert_Consensus_Sigs.gmt	https://https://s3.amazonaws.com/cfde-drc/LINCS/XMT/2024-01-17/LINCS_L1000_Chem_Pert_Consensus_Sigs.gmt	15963922	WP+H3YajhmRDurGmh/oYtA7r3Fz0YkVp9l8fNedtdBI=
XMT	LINCS_L1000_CRISPR_KO_Consensus_Sigs.gmt	https://https://s3.amazonaws.com/cfde-drc/LINCS/XMT/2024-01-17/LINCS_L1000_CRISPR_KO_Consensus_Sigs.gmt	15963922	WP+H3YajhmRDurGmh/oYtA7r3Fz0YkVp9l8fNedtdBI=
C2M2	checking_rummagene_cell_types.zip	https://https://s3.amazonaws.com/cfde-drc/LINCS/C2M2/2024-01-16/checking_rummagene_cell_types.zip	77990	eLK17FT2gPYVt/sg7aFQr1YjZqKrZmpMFGi8NuXkKg4=
Attribute Table	Azimuth_augmented.txt	https://https://s3.amazonaws.com/cfde-drc/LINCS/Attribute Table/2024-01-16/Azimuth_augmented.txt	279808	ZFKezVE45xK7AmCwzRyeYI7HVv+qcipElFXEBK09K1g=
XMT	test.gmt	https://https://s3.amazonaws.com/cfde-drc/LINCS/XMT/2024-01-16/test.gmt	54530	XgIjNmD+GEHlMlGGlXDGyS4oXHyCHMFM4q5ZZcrSgiQ=
XMT	testfile.gmt	https://https://s3.amazonaws.com/cfde-drc/LINCS/XMT/2023-12-11/testfile.gmt	80	MWcavCS4IMIBHGVvlq3AVOy9Qbgd6RgfDAh3CgjCdqY=
C2M2	MW_C2M2_2023-09-08_datapackage.zip	https://https://s3.amazonaws.com/cfde-drc/Metabolomics/C2M2/2023-12-13/MW_C2M2_2023-09-08_datapackage.zip	2719703	RqS4KyJ1TcZUkcRUTGu9KX17MRPcN1VFkPJguGa3Js8=
XMT	LINCS_L1000_Chem_Pert_Consensus_Sigs.gmt	https://cfde-drc.s3.amazonaws.com/LINCS/XMT/2024-01-24/LINCS_L1000_Chem_Pert_Consensus_Sigs.gmt	15963922	WP+H3YajhmRDurGmh/oYtA7r3Fz0YkVp9l8fNedtdBI=
XMT	LINCS_XMT_2022-12-13_LINCS_L1000_Chem_Pert_Consensus_Sigs.gmt	https://cfde-drc.s3.amazonaws.com/LINCS/XMT/2024-01-24/LINCS_XMT_2022-12-13_LINCS_L1000_Chem_Pert_Consensus_Sigs.gmt	16319270	BxZ89Ja3/S7lTaA6yCv/Xhgwoh8EIy25JnF1Sk7VphY=
C2M2	LINCS_C2M2_2023-09-18_datapackage.zip	https://cfde-drc.s3.amazonaws.com/LINCS/C2M2/2024-02-01/LINCS_C2M2_2023-09-18_datapackage.zip	177450304	gAyjzvJQwm1AeoVLtBZEnQiYQu5AhteDbZYO+wbVvbI=
Attribute Table	LINCS_L1000_CRISPR_KO_Perturbation_Consensus_CD_Sigs.h5	https://cfde-drc.s3.amazonaws.com/LINCS/Attribute Table/2024-03-29/LINCS_L1000_CRISPR_KO_Perturbation_Consensus_CD_Sigs.h5	332892671	trZDtXXmu5z055DX+4FCNJgd5czYKk5yEkWs1YJoLWM=
XMT	testfile.gmt	https://cfde-drc.s3.amazonaws.com/LINCS/XMT/2024-02-12/testfile.gmt	80	MWcavCS4IMIBHGVvlq3AVOy9Qbgd6RgfDAh3CgjCdqY=
C2M2	GlyGen_C2M2_2023-12-14_datapackage.zip	https://cfde-drc.s3.amazonaws.com/GlyGen/C2M2/2024-04-03/GlyGen_C2M2_2023-12-14_datapackage.zip	11113469	OY3Qbd8o4oFEsti7JdfuKVfKuw5KkPxk88Wrj7lh4E8=
C2M2	datapackage.zip	https://cfde-drc.s3.amazonaws.com/4DN/C2M2/2022-01-07/4DN_C2M2_2022-01-07_datapackage.zip	4650809	
C2M2	datapackage.zip	https://cfde-drc.s3.amazonaws.com/4DN/C2M2/2022-04-05/4DN_C2M2_2022-04-05_datapackage.zip	5190513	
C2M2	datapackage.zip	https://cfde-drc.s3.amazonaws.com/4DN/C2M2/2022-05-20/4DN_C2M2_2022-05-20_datapackage.zip	4724435	
C2M2	datapackage.zip	https://cfde-drc.s3.amazonaws.com/4DN/C2M2/2022-09-09/4DN_C2M2_2022-09-09_datapackage.zip	4735547	
C2M2	datapckage.zip	https://cfde-drc.s3.amazonaws.com/4DN/C2M2/2022-12-13/4DN_C2M2_2022-12-13_datapckage.zip	4778481	
C2M2	datapackage.zip	https://cfde-drc.s3.amazonaws.com/4DN/C2M2/2023-02-27/4DN_C2M2_2023-02-27_datapackage.zip	4801074	
C2M2	datapackage.zip	https://cfde-drc.s3.amazonaws.com/4DN/C2M2/2023-06-04/4DN_C2M2_2023-06-04_datapackage.zip	4855208	
C2M2	datapackage.zip	https://cfde-drc.s3.amazonaws.com/4DN/C2M2/2023-09-08/4DN_C2M2_2023-09-08_datapackage.zip	4966401	
C2M2	datapackage.zip	https://cfde-drc.s3.amazonaws.com/ERCC/C2M2/2021-03-18/ERCC_C2M2_2021-03-18_datapackage.zip	5614748	
C2M2	datapackage.zip	https://cfde-drc.s3.amazonaws.com/ERCC/C2M2/2021-06-11/ERCC_C2M2_2021-06-11_datapackage.zip	5665957	
C2M2	datapackage.zip	https://cfde-drc.s3.amazonaws.com/ERCC/C2M2/2021-08-19/ERCC_C2M2_2021-08-19_datapackage.zip	5822862	
C2M2	datapackage.zip	https://cfde-drc.s3.amazonaws.com/ERCC/C2M2/2022-01-21/ERCC_C2M2_2022-01-21_datapackage.zip	7359993	
C2M2	datapackage.zip	https://cfde-drc.s3.amazonaws.com/ERCC/C2M2/2022-04-16/ERCC_C2M2_2022-04-16_datapackage.zip	55919954	
C2M2	datapackage.zip	https://cfde-drc.s3.amazonaws.com/ERCC/C2M2/2023-03-23/ERCC_C2M2_2023-03-23_datapackage.zip	11193362	
C2M2	datapackage.zip	https://cfde-drc.s3.amazonaws.com/ERCC/C2M2/2023-08-17/ERCC_C2M2_2023-08-17_datapackage.zip	11664462	
C2M2	datapackage.zip	https://cfde-drc.s3.amazonaws.com/GTEx/C2M2/2021-03-17/GTEx_C2M2_2021-03-17_datapackage.zip	38282	
C2M2	datapackage.zip	https://cfde-drc.s3.amazonaws.com/GTEx/C2M2/2021-06-08/GTEx_C2M2_2021-06-08_datapackage.zip	369823	
C2M2	LINCS_C2M2_2023-09-18_datapackage.zip	https://cfde-drc.s3.amazonaws.com/LINCS/C2M2/2024-04-02/LINCS_C2M2_2023-09-18_datapackage.zip	177450304	gAyjzvJQwm1AeoVLtBZEnQiYQu5AhteDbZYO+wbVvbI=
KG Assertions	LINCS_KG_2023-10-26_LINCS.edges(1).csv	https://cfde-drc.s3.amazonaws.com/LINCS/KG Assertions/2024-04-02/LINCS_KG_2023-10-26_LINCS.edges(1).csv	57219356	mithyOU8Ogx0epeg0y2MoRfmnzexnJRChMnHAqtEkXI=
XMT	LINCS_XMT_2022-12-13_LINCS_L1000_CRISPR_KO_Consensus_Sigs.gmt	https://cfde-drc.s3.amazonaws.com/LINCS/XMT/2024-04-02/LINCS_XMT_2022-12-13_LINCS_L1000_CRISPR_KO_Consensus_Sigs.gmt	15605699	U8e1rl0sszqQwtZDJQSWO+t3N0hBsMSyWtdXoZTDzg8=
XMT	LINCS_XMT_2022-12-13_LINCS_L1000_Chem_Pert_Consensus_Sigs.gmt	https://cfde-drc.s3.amazonaws.com/LINCS/XMT/2024-04-02/LINCS_XMT_2022-12-13_LINCS_L1000_Chem_Pert_Consensus_Sigs.gmt	16319270	BxZ89Ja3/S7lTaA6yCv/Xhgwoh8EIy25JnF1Sk7VphY=
C2M2	MoTrPAC_C2M2_datapackage_2024-03-12.zip	https://cfde-drc.s3.amazonaws.com/MoTrPAC/C2M2/2024-04-03/MoTrPAC_C2M2_datapackage_2024-03-12.zip	1644196	VKPaLIP6UiI+oJLuPce6MNj+4n1lrmsLvKLDJrKxd2c=
C2M2	SPARC_C2M2_datapackage_2024-03-17.zip	https://cfde-drc.s3.amazonaws.com/SPARC/C2M2/2024-04-03/SPARC_C2M2_datapackage_2024-03-17.zip	16734981	06p76Mzib78KIr1WHZw11KQqb7nuwaGTj35Ru9fnyGY=
C2M2	Glycosciences_C2M2_datapackage_2024-03-14.zip	https://cfde-drc.s3.amazonaws.com/LINCS/C2M2/2024-04-03/Glycosciences_C2M2_datapackage_2024-03-14.zip	11113468	S24TKHI03+XEegEDxlRJnBeLWU2QFiKboSqk0S7pa4w=
C2M2	Glycosciences_C2M2_datapackage_2024-03-14.zip	https://cfde-drc.s3.amazonaws.com/GlyGen/C2M2/2024-04-03/Glycosciences_C2M2_datapackage_2024-03-14.zip	11113468	S24TKHI03+XEegEDxlRJnBeLWU2QFiKboSqk0S7pa4w=
C2M2	4DN_C2M2_2023-11-28_datapackage.zip	https://cfde-drc.s3.amazonaws.com/4DN/C2M2/2024-04-03/4DN_C2M2_2023-11-28_datapackage.zip	5171006	NsKC3KhwdpqEqXam42T96rCfFTNBbfHEUqmrFn4mmP4=
C2M2	HuBMAP_C2M2_2024-01-04_datapackage.zip	https://cfde-drc.s3.amazonaws.com/HuBMAP/C2M2/2024-04-03/HuBMAP_C2M2_2024-01-04_datapackage.zip	1076294222	pmm476mNJOP4SB/kI83WaWNhb5QpBjXv3w7DFvEkuhY=
XMT	LINCS_XMT_2022-12-13_LINCS_L1000_Chem_Pert_Consensus_Sigs.gmt	https://cfde-drc.s3.amazonaws.com/LINCS/XMT/2024-04-10/LINCS_XMT_2022-12-13_LINCS_L1000_Chem_Pert_Consensus_Sigs.gmt	16319270	BxZ89Ja3/S7lTaA6yCv/Xhgwoh8EIy25JnF1Sk7VphY=
XMT	LINCS_XMT_2022-12-13_LINCS_L1000_Chemical_Pertubation_Consensus_Sigs.gmt	https://cfde-drc.s3.amazonaws.com/LINCS/XMT/2024-04-10/LINCS_XMT_2022-12-13_LINCS_L1000_Chemical_Pertubation_Consensus_Sigs.gmt	16319270	BxZ89Ja3/S7lTaA6yCv/Xhgwoh8EIy25JnF1Sk7VphY=
XMT	LINCS_XMT_2022-12-13_LINCS_L1000_Chemical_Pertubation_Consensus_Signatures.gmt	https://cfde-drc.s3.amazonaws.com/LINCS/XMT/2024-04-10/LINCS_XMT_2022-12-13_LINCS_L1000_Chemical_Pertubation_Consensus_Signatures.gmt	16319270	BxZ89Ja3/S7lTaA6yCv/Xhgwoh8EIy25JnF1Sk7VphY=
C2M2	datapackage.zip	https://cfde-drc.s3.amazonaws.com/GTEx/C2M2/2022-01-18/GTEx_C2M2_2022-01-18_datapackage.zip	384717	
C2M2	datapackage.zip	https://cfde-drc.s3.amazonaws.com/GTEx/C2M2/2022-04-07/GTEx_C2M2_2022-04-07_datapackage.zip	729801	
C2M2	datapackage.zip	https://cfde-drc.s3.amazonaws.com/GTEx/C2M2/2022-06-17/GTEx_C2M2_2022-06-17_datapackage.zip	753127	
C2M2	datapackage.zip	https://cfde-drc.s3.amazonaws.com/GTEx/C2M2/2023-09-01/GTEx_C2M2_2023-09-01_datapackage.zip	9288164172	
C2M2	datapackage.zip	https://cfde-drc.s3.amazonaws.com/GlyGen/C2M2/2022-04-15/GlyGen_C2M2_2022-04-15_datapackage.zip	4059608	
C2M2	datapackage.zip	https://cfde-drc.s3.amazonaws.com/GlyGen/C2M2/2022-06-24/GlyGen_C2M2_2022-06-24_datapackage.zip	7409594	
C2M2	datapackage.zip	https://cfde-drc.s3.amazonaws.com/GlyGen/C2M2/2022-09-15/GlyGen_C2M2_2022-09-15_datapackage.zip	8881169	
C2M2	datapackage.zip	https://cfde-drc.s3.amazonaws.com/GlyGen/C2M2/2023-01-06/GlyGen_C2M2_2023-01-06_datapackage.zip	10433104	
C2M2	datapackage.zip	https://cfde-drc.s3.amazonaws.com/GlyGen/C2M2/2023-03-06/GlyGen_C2M2_2023-03-06_datapackage.zip	14152057	
C2M2	datapackage.zip	https://cfde-drc.s3.amazonaws.com/GlyGen/C2M2/2023-06-13/GlyGen_C2M2_2023-06-13_datapackage.zip	11112265	
C2M2	datapackage.zip	https://cfde-drc.s3.amazonaws.com/GlyGen/C2M2/2023-09-15/GlyGen_C2M2_2023-09-15_datapackage.zip	11113465	
C2M2	datapackage.zip	https://cfde-drc.s3.amazonaws.com/HMP/C2M2/2021-03-24/HMP_C2M2_2021-03-24_datapackage.zip	8234076	
C2M2	datapackage.zip	https://cfde-drc.s3.amazonaws.com/HMP/C2M2/2021-06-10/HMP_C2M2_2021-06-10_datapackage.zip	11534632	
C2M2	datapackage.zip	https://cfde-drc.s3.amazonaws.com/HMP/C2M2/2021-08-11/HMP_C2M2_2021-08-11_datapackage.zip	15361850	
C2M2	datapackage.zip	https://cfde-drc.s3.amazonaws.com/HMP/C2M2/2021-10-15/HMP_C2M2_2021-10-15_datapackage.zip	21763368	
C2M2	datapackage.zip	https://cfde-drc.s3.amazonaws.com/HMP/C2M2/2022-01-11/HMP_C2M2_2022-01-11_datapackage.zip	23748253	
C2M2	datapackage.zip	https://cfde-drc.s3.amazonaws.com/HMP/C2M2/2022-04-26/HMP_C2M2_2022-04-26_datapackage.zip	25801953	
C2M2	datapackage.zip	https://cfde-drc.s3.amazonaws.com/HMP/C2M2/2022-06-20/HMP_C2M2_2022-06-20_datapackage.zip	26721729	
C2M2	datapackage.zip	https://cfde-drc.s3.amazonaws.com/HuBMAP/C2M2/2021-03-19/HuBMAP_C2M2_2021-03-19_datapackage.zip	27600	
C2M2	datapackage.zip	https://cfde-drc.s3.amazonaws.com/HuBMAP/C2M2/2021-06-23/HuBMAP_C2M2_2021-06-23_datapackage.zip	17199793	
C2M2	datapackage.zip	https://cfde-drc.s3.amazonaws.com/HuBMAP/C2M2/2021-10-15/HuBMAP_C2M2_2021-10-15_datapackage.zip	17357650	
C2M2	datapackage.zip	https://cfde-drc.s3.amazonaws.com/HuBMAP/C2M2/2022-01-15/HuBMAP_C2M2_2022-01-15_datapackage.zip	47978207	
C2M2	datapackage.zip	https://cfde-drc.s3.amazonaws.com/HuBMAP/C2M2/2022-06-19/HuBMAP_C2M2_2022-06-19_datapackage.zip	96994774	
C2M2	datapackage.zip	https://cfde-drc.s3.amazonaws.com/HuBMAP/C2M2/2023-03-31/HuBMAP_C2M2_2023-03-31_datapackage.zip	761334552	
C2M2	datapackage.zip	https://cfde-drc.s3.amazonaws.com/HuBMAP/C2M2/2023-09-17/HuBMAP_C2M2_2023-09-17_datapackage.zip	1079762392	
C2M2	datapackage.zip	https://cfde-drc.s3.amazonaws.com/IDG/C2M2/2021-03-30/IDG_C2M2_2021-03-30_datapackage.zip	4276893	
C2M2	datapackage.zip	https://cfde-drc.s3.amazonaws.com/IDG/C2M2/2021-09-29/IDG_C2M2_2021-09-29_datapackage.zip	6055878	
C2M2	datapackage.zip	https://cfde-drc.s3.amazonaws.com/IDG/C2M2/2022-01-19/IDG_C2M2_2022-01-19_datapackage.zip	6061615	
C2M2	datapackage.zip	https://cfde-drc.s3.amazonaws.com/IDG/C2M2/2022-04-13/IDG_C2M2_2022-04-13_datapackage.zip	14673022	
C2M2	datapackage.zip	https://cfde-drc.s3.amazonaws.com/IDG/C2M2/2022-06-15/IDG_C2M2_2022-06-15_datapackage.zip	15423373	
C2M2	datapackage.zip	https://cfde-drc.s3.amazonaws.com/IDG/C2M2/2023-06-09/IDG_C2M2_2023-06-09_datapackage.zip	16662067	
C2M2	MW_C2M2_datapackage_2024-03-10.zip	https://cfde-drc.s3.amazonaws.com/Metabolomics/C2M2/2024-04-03/MW_C2M2_datapackage_2024-03-10.zip	4145565	YrRelLLrwhPzG9OCoOwO84v3QFaG22oeoM3bhjJupSM=
C2M2	4DN_C2M2_datapackage_2024-03-10.zip	https://cfde-drc.s3.amazonaws.com/4DN/C2M2/2024-04-03/4DN_C2M2_datapackage_2024-03-10.zip	5170424	cwm+7r/VxhSMN1ORzY6rZgcX95yCH1Y0XN9tMroHwVU=
C2M2	IDG_C2M2_2024-01-09_datapackage.zip	https://cfde-drc.s3.amazonaws.com/IDG/C2M2/2024-04-03/IDG_C2M2_2024-01-09_datapackage.zip	17038944	C7tulfb05DOjgMZdsgnrUqmyzHEiIStKaXq/ToneSG0=
C2M2	KidsFirst_C2M2_2023-11-29_datapackage.zip	https://cfde-drc.s3.amazonaws.com/Kids First/C2M2/2024-04-03/KidsFirst_C2M2_2023-11-29_datapackage.zip	35414509	puZlOt1PxsfjFOlZ3FQNk6/6IsBc0AMQFNw6+jsvJC8=
C2M2	GlyGen_C2M2_datapackage_2024-03-14.zip	https://cfde-drc.s3.amazonaws.com/GlyGen/C2M2/2024-04-03/GlyGen_C2M2_datapackage_2024-03-14.zip	11113468	S24TKHI03+XEegEDxlRJnBeLWU2QFiKboSqk0S7pa4w=
C2M2	datapackage.zip	https://cfde-drc.s3.amazonaws.com/KidsFirst/C2M2/2021-03-26/KidsFirst_C2M2_2021-03-26_datapackage.zip	3532786	
C2M2	datapackage.zip	https://cfde-drc.s3.amazonaws.com/KidsFirst/C2M2/2021-06-18/KidsFirst_C2M2_2021-06-18_datapackage.zip	7637275	
C2M2	datapackage.zip	https://cfde-drc.s3.amazonaws.com/KidsFirst/C2M2/2022-01-10/KidsFirst_C2M2_2022-01-10_datapackage.zip	7667919	
C2M2	datapackage.zip	https://cfde-drc.s3.amazonaws.com/KidsFirst/C2M2/2022-04-15/KidsFirst_C2M2_2022-04-15_datapackage.zip	16958405	
C2M2	datapackage.zip	https://cfde-drc.s3.amazonaws.com/KidsFirst/C2M2/2022-07-08/KidsFirst_C2M2_2022-07-08_datapackage.zip	35346312	
C2M2	datapackage.zip	https://cfde-drc.s3.amazonaws.com/KidsFirst/C2M2/2022-09-02/KidsFirst_C2M2_2022-09-02_datapackage.zip	35385390	
C2M2	datapackage.zip	https://cfde-drc.s3.amazonaws.com/KidsFirst/C2M2/2022-12-29/KidsFirst_C2M2_2022-12-29_datapackage.zip	36189016	
C2M2	datapackage.zip	https://cfde-drc.s3.amazonaws.com/KidsFirst/C2M2/2023-04-03/KidsFirst_C2M2_2023-04-03_datapackage.zip	40433334	
C2M2	datapackage.zip	https://cfde-drc.s3.amazonaws.com/KidsFirst/C2M2/2023-06-09/KidsFirst_C2M2_2023-06-09_datapackage.zip	42838240	
C2M2	datapackage.zip	https://cfde-drc.s3.amazonaws.com/KidsFirst/C2M2/2023-09-14/KidsFirst_C2M2_2023-09-14_datapackage.zip	36376068	
C2M2	datapackage.zip	https://cfde-drc.s3.amazonaws.com/LINCS/C2M2/2021-03-24/LINCS_C2M2_2021-03-24_datapackage.zip	29442018	
C2M2	datapackage.zip	https://cfde-drc.s3.amazonaws.com/LINCS/C2M2/2021-06-02/LINCS_C2M2_2021-06-02_datapackage.zip	148131346	
C2M2	datapackage.zip	https://cfde-drc.s3.amazonaws.com/LINCS/C2M2/2021-09-29/LINCS_C2M2_2021-09-29_datapackage.zip	137459198	
C2M2	datapackage.zip	https://cfde-drc.s3.amazonaws.com/LINCS/C2M2/2022-01-11/LINCS_C2M2_2022-01-11_datapackage.zip	179399261	
C2M2	datapackage.zip	https://cfde-drc.s3.amazonaws.com/LINCS/C2M2/2022-04-14/LINCS_C2M2_2022-04-14_datapackage.zip	179366779	
C2M2	datapackage.zip	https://cfde-drc.s3.amazonaws.com/LINCS/C2M2/2022-06-20/LINCS_C2M2_2022-06-20_datapackage.zip	172141434	
C2M2	datapackage.zip	https://cfde-drc.s3.amazonaws.com/LINCS/C2M2/2022-09-14/LINCS_C2M2_2022-09-14_datapackage.zip	173552344	
C2M2	datapackage.zip	https://cfde-drc.s3.amazonaws.com/LINCS/C2M2/2022-12-02/LINCS_C2M2_2022-12-02_datapackage.zip	174221425	
C2M2	datapackage.zip	https://cfde-drc.s3.amazonaws.com/LINCS/C2M2/2023-03-21/LINCS_C2M2_2023-03-21_datapackage.zip	174750462	
C2M2	datapackage.zip	https://cfde-drc.s3.amazonaws.com/LINCS/C2M2/2023-06-15/LINCS_C2M2_2023-06-15_datapackage.zip	174086767	
C2M2	datapackage.zip	https://cfde-drc.s3.amazonaws.com/LINCS/C2M2/2023-09-18/LINCS_C2M2_2023-09-18_datapackage.zip	177450304	
C2M2	datapackage.zip	https://cfde-drc.s3.amazonaws.com/MW/C2M2/2021-03-24/MW_C2M2_2021-03-24_datapackage.zip	1017905	
C2M2	datapackage.zip	https://cfde-drc.s3.amazonaws.com/MW/C2M2/2021-06-10/MW_C2M2_2021-06-10_datapackage.zip	1110796	
C2M2	datapackage.zip	https://cfde-drc.s3.amazonaws.com/MW/C2M2/2021-08-18/MW_C2M2_2021-08-18_datapackage.zip	1450792	
C2M2	datapackage.zip	https://cfde-drc.s3.amazonaws.com/MW/C2M2/2021-10-15/MW_C2M2_2021-10-15_datapackage.zip	1257686	
C2M2	datapackage.zip	https://cfde-drc.s3.amazonaws.com/MW/C2M2/2022-01-12/MW_C2M2_2022-01-12_datapackage.zip	1337951	
C2M2	datapackage.zip	https://cfde-drc.s3.amazonaws.com/MW/C2M2/2022-04-15/MW_C2M2_2022-04-15_datapackage.zip	1840578	
C2M2	datapackage.zip	https://cfde-drc.s3.amazonaws.com/MW/C2M2/2022-06-10/MW_C2M2_2022-06-10_datapackage.zip	1950307	
C2M2	datapackage.zip	https://cfde-drc.s3.amazonaws.com/MW/C2M2/2022-09-09/MW_C2M2_2022-09-09_datapackage.zip	1981348	
C2M2	datapackage.zip	https://cfde-drc.s3.amazonaws.com/MW/C2M2/2022-12-21/MW_C2M2_2022-12-21_datapackage.zip	2090180	
C2M2	datapackage.zip	https://cfde-drc.s3.amazonaws.com/MW/C2M2/2023-03-09/MW_C2M2_2023-03-09_datapackage.zip	2352821	
C2M2	datapackage.zip	https://cfde-drc.s3.amazonaws.com/MW/C2M2/2023-06-07/MW_C2M2_2023-06-07_datapackage.zip	2522883	
C2M2	datapackage.zip	https://cfde-drc.s3.amazonaws.com/MW/C2M2/2023-09-08/MW_C2M2_2023-09-08_datapackage.zip	2719703	
C2M2	datapackage.zip	https://cfde-drc.s3.amazonaws.com/MoTrPAC/C2M2/2023-03-10/MoTrPAC_C2M2_2023-03-10_datapackage.zip	68952	
C2M2	datapackage.zip	https://cfde-drc.s3.amazonaws.com/MoTrPAC/C2M2/2023-06-14/MoTrPAC_C2M2_2023-06-14_datapackage.zip	333981	
C2M2	datapackage.zip	https://cfde-drc.s3.amazonaws.com/MoTrPAC/C2M2/2023-07-14/MoTrPAC_C2M2_2023-07-14_datapackage.zip	995864	
KG Assertions	IDG.zip	https://cfde-drc.s3.amazonaws.com/IDG/KG Assertions/2024-04-29/IDG.zip	14057993	JCJxrwPeyiD4Tv9kWX8MpTHZH/fqOP7MEn1NLvuOCDM=
KG Assertions	LINCS.zip	https://cfde-drc.s3.amazonaws.com/LINCS/KG Assertions/2024-05-08/LINCS.zip	12180995	AmB/S1bjekbA6MAzgcgkjSnKwltdVasKOx5bTn5jHPs=
KG Assertions	MW.zip	https://cfde-drc.s3.amazonaws.com/Metabolomics/KG Assertions/2024-05-08/MW.zip	1794255	QsjwoXfQcDao/MzxN40i1sHUxGUCyoEbooS7CFqON04=
C2M2	datapackage.zip	https://cfde-drc.s3.amazonaws.com/MoTrPAC/C2M2/2023-09-12/MoTrPAC_C2M2_2023-09-12_datapackage.zip	996648	
C2M2	datapackage.zip	https://cfde-drc.s3.amazonaws.com/SPARC/C2M2/2021-06-10/SPARC_C2M2_2021-06-10_datapackage.zip	7069007	
C2M2	datapackage.zip	https://cfde-drc.s3.amazonaws.com/SPARC/C2M2/2021-08-20/SPARC_C2M2_2021-08-20_datapackage.zip	6153715	
C2M2	datapackage.zip	https://cfde-drc.s3.amazonaws.com/SPARC/C2M2/2022-01-15/SPARC_C2M2_2022-01-15_datapackage.zip	13129239	
C2M2	KidsFirst_C2M2_datapackage_2024-03-10.zip	https://cfde-drc.s3.amazonaws.com/Kids First/C2M2/2024-04-03/KidsFirst_C2M2_datapackage_2024-03-10.zip	38911884	KkJ/3bJkS8rhppEKdG4z2y+S/YQyOn8nAGbh8voKAOM=
C2M2	MoTrPAC_C2M2_2023-11-15_datapackage.zip	https://cfde-drc.s3.amazonaws.com/MoTrPAC/C2M2/2024-04-03/MoTrPAC_C2M2_2023-11-15_datapackage.zip	1644030	3MKNbKDjVX1PBzSlGMeFKq7BB2KNIvqLoOAUcH3q8lI=
C2M2	MW_C2M2_2023-12-08_datapackage.zip	https://cfde-drc.s3.amazonaws.com/Metabolomics/C2M2/2024-04-03/MW_C2M2_2023-12-08_datapackage.zip	2977024	5ulSzsMyPcHTQRcSR6oBe8ipjzcFTE/19ks8mKdXCvk=
C2M2	datapackage.zip	https://cfde-drc.s3.amazonaws.com/SPARC/C2M2/2022-04-16/SPARC_C2M2_2022-04-16_datapackage.zip	94135128	
C2M2	datapackage.zip	https://cfde-drc.s3.amazonaws.com/SPARC/C2M2/2022-06-24/SPARC_C2M2_2022-06-24_datapackage.zip	56266479	
KG Assertions	KF.zip	https://cfde-drc.s3.amazonaws.com/KidsFirst/KG Assertions/2024-04-29/KF.zip	1221383	o7p50SSe/uDY48jYSwSYCWRLESaQ1XYIniUjMJ6hj4Q=
KG Assertions	MoTrPAC.zip	https://cfde-drc.s3.amazonaws.com/MoTrPAC/KG Assertions/2024-04-29/MoTrPAC.zip	355992	j0ZAvfhNCqAcOPs5H/J7urbdyYLSshOA16++K2K0+B4=
KG Assertions	MW.zip	https://cfde-drc.s3.amazonaws.com/Metabolomics/KG Assertions/2024-04-29/MW.zip	669194	8VQ6p8QeXX0pD0KmenGZP77zSIk5zDVz9np9povQ4t0=
C2M2	datapackage.zip	https://cfde-drc.s3.amazonaws.com/SPARC/C2M2/2022-09-17/SPARC_C2M2_2022-09-17_datapackage.zip	127553217	
C2M2	datapackage.zip	https://cfde-drc.s3.amazonaws.com/SPARC/C2M2/2023-01-10/SPARC_C2M2_2023-01-10_datapackage.zip	12803104	
C2M2	datapackage.zip	https://cfde-drc.s3.amazonaws.com/SPARC/C2M2/2023-06-16/SPARC_C2M2_2023-06-16_datapackage.zip	83822151	
C2M2	datapackage.zip	https://cfde-drc.s3.amazonaws.com/SPARC/C2M2/2023-09-18/SPARC_C2M2_2023-09-18_datapackage.zip	43184266	
XMT	GTEx_Tissues_V8_2023.gmt	https://cfde-drc.s3.amazonaws.com/GTEx/XMT/2023-03-10/GTEx_XMT_2023-03-10_GTEx_Tissues_V8_2023.gmt	328065	
XMT	GTEx_Tissue_Expression_Down.gmt	https://cfde-drc.s3.amazonaws.com/GTEx/XMT/2019-09-09/GTEx_XMT_2019-09-09_GTEx_Tissue_Expression_Down.gmt	28177175	
XMT	GTEx_Tissue_Expression_Up.gmt	https://cfde-drc.s3.amazonaws.com/GTEx/XMT/2019-09-09/GTEx_XMT_2019-09-09_GTEx_Tissue_Expression_Up.gmt	28402172	
XMT	GTEx_Aging_Signatures_2021.gmt	https://cfde-drc.s3.amazonaws.com/GTEx/XMT/2022-06-06/GTEx_XMT_2022-06-06_GTEx_Aging_Signatures_2021.gmt	493977	
XMT	LINCS_L1000_Chem_Pert_down.gmt	https://cfde-drc.s3.amazonaws.com/LINCS/XMT/2022-06-06/LINCS_XMT_2022-06-06_LINCS_L1000_Chem_Pert_down.gmt	14045682	
XMT	LINCS_L1000_Chem_Pert_up.gmt	https://cfde-drc.s3.amazonaws.com/LINCS/XMT/2022-06-06/LINCS_XMT_2022-06-06_LINCS_L1000_Chem_Pert_up.gmt	16214810	
XMT	LINCS_L1000_Ligand_Perturbations_down.gmt	https://cfde-drc.s3.amazonaws.com/LINCS/XMT/2022-06-06/LINCS_XMT_2022-06-06_LINCS_L1000_Ligand_Perturbations_down.gmt	95200	
XMT	LINCS_L1000_Ligand_Perturbations_up.gmt	https://cfde-drc.s3.amazonaws.com/LINCS/XMT/2022-06-06/LINCS_XMT_2022-06-06_LINCS_L1000_Ligand_Perturbations_up.gmt	89491	
XMT	LINCS_L1000_CRISPR_KO_Consensus_Sigs.gmt	https://cfde-drc.s3.amazonaws.com/LINCS/XMT/2022-12-13/LINCS_XMT_2022-12-13_LINCS_L1000_CRISPR_KO_Consensus_Sigs.gmt	15605699	
XMT	LINCS_L1000_Chem_Pert_Consensus_Sigs.gmt	https://cfde-drc.s3.amazonaws.com/LINCS/XMT/2022-12-13/LINCS_XMT_2022-12-13_LINCS_L1000_Chem_Pert_Consensus_Sigs.gmt	16319270	
XMT	GlyGen_Glycosylated_Proteins_2022.gmt	https://cfde-drc.s3.amazonaws.com/GlyGen/XMT/2022-12-13/GlyGen_XMT_2022-12-13_GlyGen_Glycosylated_Proteins_2022.gmt	93430	
XMT	IDG_Drug_Targets_2022.gmt	https://cfde-drc.s3.amazonaws.com/IDG/XMT/2022-12-13/IDG_XMT_2022-12-13_IDG_Drug_Targets_2022.gmt	97211	
XMT	ARCHS4_IDG_Coexp.gmt	https://cfde-drc.s3.amazonaws.com/IDG/XMT/2022-06-06/IDG_XMT_2022-06-06_ARCHS4_IDG_Coexp.gmt	755715	
XMT	DrugCentral_Target.dmt	https://cfde-drc.s3.amazonaws.com/IDG/XMT/2020-03-10/IDG_XMT_2020-03-10_DrugCentral_Target.dmt	126906	
XMT	Metabolomics_Workbench_Metabolites_2022	https://cfde-drc.s3.amazonaws.com/MW/XMT/2022-12-13/MW_XMT_2022-12-13_Metabolomics_Workbench_Metabolites_2022.gmt	25851	
XMT	MoTrPAC_Rat_Exercise_Sigs_2023.gmt	https://cfde-drc.s3.amazonaws.com/MoTrPAC/XMT/2023-09-29/MoTrPAC_XMT_2023-09-29_MoTrPAC_Rat_Exercise_Sigs_2023.gmt	187733	
XMT	KOMP2_Mouse_Phenotypes_2022.gmt	https://cfde-drc.s3.amazonaws.com/KOMP2/XMT/2022-12-13/KOMP2_XMT_2022-12-13_KOMP2_Mouse_Phenotypes_2022.gmt	246609	
KG Assertions	4DN.edges.csv	https://cfde-drc.s3.amazonaws.com/4DN/KG/2023-10-26/4DN_KG_2023-10-26_4DN.edges.csv	416360199	
KG Assertions	ERCC.edges.csv	https://cfde-drc.s3.amazonaws.com/ERCC/KG/2023-10-26/ERCC_KG_2023-10-26_ERCC.edges.csv	4937280813	
KG Assertions	GTEX.edges.csv	https://cfde-drc.s3.amazonaws.com/GTEx/KG/2023-10-26/GTEx_KG_2023-10-26_GTEX.edges.csv	4354859363	
KG Assertions	GLYGEN.edges.csv	https://cfde-drc.s3.amazonaws.com/GlyGen/KG/2023-10-26/GlyGen_KG_2023-10-26_GLYGEN.edges.csv	103993015	
KG Assertions	IDG.edges.csv	https://cfde-drc.s3.amazonaws.com/IDG/KG/2023-10-26/IDG_KG_2023-10-26_IDG.edges.csv	68570402	
KG Assertions	KF.edges.csv	https://cfde-drc.s3.amazonaws.com/KidsFirst/KG/2023-10-26/KidsFirst_KG_2023-10-26_KF.edges.csv	30065439	
KG Assertions	LINCS.edges.csv	https://cfde-drc.s3.amazonaws.com/LINCS/KG/2023-10-26/LINCS_KG_2023-10-26_LINCS.edges.csv	57219356	
KG Assertions	MW.edges.csv	https://cfde-drc.s3.amazonaws.com/MW/KG/2023-10-26/MW_KG_2023-10-26_MW.edges.csv	12648515	
KG Assertions	MOTORPAC.edges.csv	https://cfde-drc.s3.amazonaws.com/MoTrPAC/KG/2023-10-26/MoTrPAC_KG_2023-10-26_MOTORPAC.edges.csv	4941592	
C2M2	240905_c2m2_4dn_sub .zip	https://cfde-drc.s3.amazonaws.com/4DN/C2M2/2024-09-05/240905_c2m2_4dn_sub .zip	5519720	4fHxGh+/VAMF9ClNFldzq+IjfWCYKsOiAufRQ2/9uww=
KG Assertions	Asset_Description-Bridge2AI_CM4AI_Talent_Knowledge_Graph_TKG_v2.pdf	https://cfde-drc.s3.amazonaws.com/Bridge2AI/KG Assertions/2024-08-03/Asset_Description-Bridge2AI_CM4AI_Talent_Knowledge_Graph_TKG_v2.pdf	789256	FsMFQfvgsSez8JChcmbqZI4RQUpLddSDknUd3bf0oHE=
KG Assertions	Bridge2AI_CM4AI_Talent_Knowledge_Graph_TKG_v2_202402.zip	https://cfde-drc.s3.amazonaws.com/Bridge2AI/KG Assertions/2024-08-03/Bridge2AI_CM4AI_Talent_Knowledge_Graph_TKG_v2_202402.zip	303300893	w0t9O650SYoF2hajSOuZC5zyNys3N7qQjCTGIfpmwoE=
KG Assertions	Asset_Description-Bridge2AI_CM4AI_Talent_Knowledge_Graph_TKG_v2_202402.pdf	https://cfde-drc.s3.amazonaws.com/Bridge2AI/KG Assertions/2024-08-03/Asset_Description-Bridge2AI_CM4AI_Talent_Knowledge_Graph_TKG_v2_202402.pdf	789256	FsMFQfvgsSez8JChcmbqZI4RQUpLddSDknUd3bf0oHE=
C2M2	MW_submission_packet_20240906.zip	https://cfde-drc.s3.amazonaws.com/Metabolomics/C2M2/2024-09-11/MW_submission_packet_20240906.zip	4667431	iLfdzYlzJkrwQf5NVa9J99XPig4wwmWXEo1EZbqcnlI=
XMT	LINCS_L1000_Consensus_Median_Signatures.gmt	https://cfde-drc.s3.amazonaws.com/LINCS/XMT/2024-09-14/LINCS_L1000_Consensus_Median_Signatures.gmt	20856572	r7Zgq+xzJM2o7nXBEAUj9G8aCRpNQhoLGKMsYA03QKc=
C2M2	data.zip	https://cfde-drc.s3.amazonaws.com/GlyGen/C2M2/2024-09-16/data.zip	16226487	faKxxBZ5+jn89RCdEcfyv4BSH/ZUoEmn0HihHr58za4=
C2M2	c2m2_2024SEP16_submit.zip	https://cfde-drc.s3.amazonaws.com/SPARC/C2M2/2024-09-17/c2m2_2024SEP16_submit.zip	18656409	EFSmwpde/Etj5mYLtPcoi7fQ7OBQhUncGBtuUJ3UiT0=
C2M2	data.zip	https://cfde-drc.s3.amazonaws.com/GlyGen/C2M2/2024-09-17/data.zip	16217337	agBxoBfYywDER6dWq5YOBy1QDcE1UN+JuNiEokkucIY=
C2M2	20240821_frictionless.zip	https://cfde-drc.s3.amazonaws.com/KidsFirst/C2M2/2024-09-17/20240821_frictionless.zip	43983256	he9tcOmbyeyQBi66OzRALtOEUX+1V3o3UdaKqKdgNJU=
XMT	RBP_Unique_Loci.zip	https://cfde-drc.s3.amazonaws.com/ExRNA/XMT/2024-09-23/RBP_Unique_Loci.zip	174651	C8QBHXvFtSulAb6+sFHzuMWfM1lmYFBqTXxNMxfsclY=
XMT	RBP_unique_loci_in_biofluids.rbpmt	https://cfde-drc.s3.amazonaws.com/ExRNA/XMT/2024-09-24/RBP_unique_loci_in_biofluids.rbpmt	408293	PNkITlIVkRSYAGIuXuB7a9xFRBhEN+QRjU8hOkdB2nA=
XMT	RBP_unique_loci_in_biofluids.rbpmt	https://cfde-drc.s3.amazonaws.com/ExRNA/XMT/2024-09-25/RBP_unique_loci_in_biofluids.rbpmt	408628	dDeyRZDi6SEkY4xAV4o1w0NGCW1bEqFOHQqcEozoNsg=
XMT	LINCS_L1000_Consensus_Median_Signatures_sample.gmt	https://cfde-drc.s3.amazonaws.com/LINCS/XMT/2024-11-21/LINCS_L1000_Consensus_Median_Signatures_sample.gmt	20854131	50BRdi31ZQw8ZPrQv5517zOywTQG8WSLUvdEwQ0sC3s=
XMT	LINCS_L1000_Consensus_Median_Signatures_sample1.gmt	https://cfde-drc.s3.amazonaws.com/LINCS/XMT/2024-11-21/LINCS_L1000_Consensus_Median_Signatures_sample1.gmt	20854131	50BRdi31ZQw8ZPrQv5517zOywTQG8WSLUvdEwQ0sC3s=
XMT	LINCS_L1000_Consensus_Median_Signatures_sample2.gmt	https://cfde-drc.s3.amazonaws.com/LINCS/XMT/2024-11-21/LINCS_L1000_Consensus_Median_Signatures_sample2.gmt	20854131	50BRdi31ZQw8ZPrQv5517zOywTQG8WSLUvdEwQ0sC3s=
XMT	LINCS_L1000_Consensus_Median_Signatures_sample3.gmt	https://cfde-drc.s3.amazonaws.com/LINCS/XMT/2024-11-21/LINCS_L1000_Consensus_Median_Signatures_sample3.gmt	20854131	50BRdi31ZQw8ZPrQv5517zOywTQG8WSLUvdEwQ0sC3s=
XMT	LINCS_L1000_Consensus_Median_Signatures_sample4.txt	https://cfde-drc.s3.amazonaws.com/LINCS/XMT/2024-11-21/LINCS_L1000_Consensus_Median_Signatures_sample4.txt	20854131	50BRdi31ZQw8ZPrQv5517zOywTQG8WSLUvdEwQ0sC3s=
XMT	LINCS_L1000_Consensus_Median_Signatures_sample5.txt	https://cfde-drc.s3.amazonaws.com/LINCS/XMT/2024-11-22/LINCS_L1000_Consensus_Median_Signatures_sample5.txt	20854131	50BRdi31ZQw8ZPrQv5517zOywTQG8WSLUvdEwQ0sC3s=
XMT	LINCS_L1000_Consensus_Median_Signatures_sample5.gmt.txt	https://cfde-drc.s3.amazonaws.com/LINCS/XMT/2024-11-25/LINCS_L1000_Consensus_Median_Signatures_sample5.gmt.txt	20854131	50BRdi31ZQw8ZPrQv5517zOywTQG8WSLUvdEwQ0sC3s=
XMT	LINCS_L1000_Consensus_Median_Signatures_sample6.gmt.txt	https://cfde-drc.s3.amazonaws.com/LINCS/XMT/2024-11-25/LINCS_L1000_Consensus_Median_Signatures_sample6.gmt.txt	20854131	50BRdi31ZQw8ZPrQv5517zOywTQG8WSLUvdEwQ0sC3s=
XMT	LINCS_L1000_Consensus_Median_Signatures_sample7.gmt.txt	https://cfde-drc.s3.amazonaws.com/LINCS/XMT/2024-11-25/LINCS_L1000_Consensus_Median_Signatures_sample7.gmt.txt	20854131	50BRdi31ZQw8ZPrQv5517zOywTQG8WSLUvdEwQ0sC3s=
XMT	LINCS_L1000_Consensus_Median_Signatures_sample8.gmt.txt	https://cfde-drc.s3.amazonaws.com/LINCS/XMT/2024-11-27/LINCS_L1000_Consensus_Median_Signatures_sample8.gmt.txt	20854131	50BRdi31ZQw8ZPrQv5517zOywTQG8WSLUvdEwQ0sC3s=
XMT	LINCS_L1000_Consensus_Median_Signatures_sample9.gmt.txt	https://cfde-drc.s3.amazonaws.com/LINCS/XMT/2024-11-27/LINCS_L1000_Consensus_Median_Signatures_sample9.gmt.txt	20854131	50BRdi31ZQw8ZPrQv5517zOywTQG8WSLUvdEwQ0sC3s=
XMT	LINCS_L1000_Consensus_CP_Median_Signatures.gmt.txt	https://cfde-drc.s3.amazonaws.com/LINCS/XMT/2024-12-05/LINCS_L1000_Consensus_CP_Median_Signatures.gmt.txt	20854131	50BRdi31ZQw8ZPrQv5517zOywTQG8WSLUvdEwQ0sC3s=
