link	lastmodified	current	creator	dcc_id	drcapproved	dccapproved	deleted	created
https://zinc15.docking.org/substances/search/?q={drug.label}	2024-03-08 00:15:43.332	True		a1289ebb-0306-59a1-b0fc-e4d03a4790d7	True	True	False	2024-03-08 00:15:43.332
https://www.gtexportal.org/home/gene/{gene.ensembl}	2024-03-08 00:18:20.759	True		b3028db2-209c-5862-8f4d-33c5b312332e	True	False	False	2024-03-08 00:18:20.759
https://drugcentral.org/?q={drug.label}	2024-03-08 00:15:16.867	True		a1289ebb-0306-59a1-b0fc-e4d03a4790d7	True	True	False	2024-03-08 00:15:16.867
https://idg.reactome.org/search/{gene.symbol}	2024-03-08 00:14:30.105	True		a1289ebb-0306-59a1-b0fc-e4d03a4790d7	True	False	False	2024-03-08 00:14:30.105
https://maayanlab.cloud/sigcom-lincs/#/MetadataSearch/Signatures?query={"search":["{drug.label}"]}	2024-03-08 00:06:57.680	True		f3f490cf-fd69-579c-8ea3-472c7cf3fb59	True	True	False	2024-03-08 00:06:57.680
https://cfde-drc.s3.amazonaws.com/GlyGen/KG Assertions/2024-05-08/GlyGen.zip	2024-05-08 15:38:40.801	True		e31052b0-ac50-5ede-9828-698ff3610427	True	True	False	2024-05-08 15:38:40.801
https://maayanlab.cloud/sigcom-lincs/#/MetadataSearch/Genes?query={"skip":0,"limit":10,"search":["{gene.symbol}"]}	2024-03-08 00:06:32.451	True		f3f490cf-fd69-579c-8ea3-472c7cf3fb59	True	True	False	2024-03-08 00:06:32.451
https://maayanlab.cloud/Harmonizome/gene/{gene.symbol}	2024-03-08 00:12:08.090	True		f3f490cf-fd69-579c-8ea3-472c7cf3fb59	True	True	False	2024-03-08 00:12:08.090
https://maayanlab.cloud/drugmonizome/#/TermSearch/Small%20molecules?query={"limit":10,"search":["{drug.label}"]}	2024-03-08 00:07:34.891	True		f3f490cf-fd69-579c-8ea3-472c7cf3fb59	True	True	False	2024-03-08 00:07:34.891
https://cfde-drc.s3.amazonaws.com/4DN/KG Assertions/2024-05-08/4DN.zip	2024-05-08 15:34:36.239	True		d6bb00c3-7224-5001-b9c5-9838622fba40	True	True	False	2024-05-08 15:34:36.239
https://pharos.nih.gov/search?q={gene.symbol}	2024-03-08 00:14:50.194	True		a1289ebb-0306-59a1-b0fc-e4d03a4790d7	True	True	False	2024-03-08 00:14:50.194
https://www.glygen.org/protein/{protein.uniprot}	2024-03-08 00:17:25.102	True		e31052b0-ac50-5ede-9828-698ff3610427	True	True	False	2024-03-08 00:17:25.102
https://cfde-drc.s3.amazonaws.com/Kids%20First/C2M2/2024-04-03/KidsFirst_C2M2_2023-11-29_datapackage.zip	2023-11-29 00:00:00.000	False		65af85ae-82d5-5b81-bc66-6bddaa6420ce	True	True	False	2023-11-29 00:00:00.000
https://github.com/nih-cfde/playbook-partnership/tree/main/components/lincs/l1000-reverse-search	2023-07-19 00:00:00.000	True		f3f490cf-fd69-579c-8ea3-472c7cf3fb59	True	True	False	2023-07-19 00:00:00.000
https://github.com/nih-cfde/playbook-partnership/blob/main/components/service/ldh/index.tsx	2023-10-19 00:00:00.000	True		f65babf7-2875-5725-9635-210d654533f1	True	False	False	2023-10-19 00:00:00.000
https://cfde-drc.s3.amazonaws.com/ExRNA/KG%20Assertions/2024-05-08/ERCC.zip	2024-05-08 00:00:00.000	True		f65babf7-2875-5725-9635-210d654533f1	True	False	True	2024-05-08 00:00:00.000
https://cfde-drc.s3.amazonaws.com/GTEx/KG%20Assertions/2024-05-08/GTEx.zip	2024-05-08 00:00:00.000	True		b3028db2-209c-5862-8f4d-33c5b312332e	True	False	True	2024-05-08 00:00:00.000
https://cfde-drc.s3.amazonaws.com/GlyGen/KG%20Assertions/2024-05-08/GlyGen.zip	2024-05-08 00:00:00.000	True		e31052b0-ac50-5ede-9828-698ff3610427	True	False	True	2024-05-08 00:00:00.000
https://cfde-drc.s3.amazonaws.com/HuBMAP/KG%20Assertions/2024-05-08/HuBMAP.zip	2024-05-08 00:00:00.000	True		803ad44d-e7a2-550a-95c6-57855bf06be8	True	False	True	2024-05-08 00:00:00.000
https://cfde-drc.s3.amazonaws.com/IDG/KG%20Assertions/2024-05-08/IDG.zip	2024-05-08 00:00:00.000	True		a1289ebb-0306-59a1-b0fc-e4d03a4790d7	True	False	True	2024-05-08 00:00:00.000
https://cfde-drc.s3.amazonaws.com/KidsFirst/KG%20Assertions/2024-05-08/KF.zip	2024-05-08 00:00:00.000	True		65af85ae-82d5-5b81-bc66-6bddaa6420ce	True	False	True	2024-05-08 00:00:00.000
https://cfde-drc.s3.amazonaws.com/SPARC/KG%20Assertions/2024-05-08/SPARC.zip	2024-05-08 00:00:00.000	True		2399794e-74c6-5735-a039-0782cdeeb1e2	True	False	True	2024-05-08 00:00:00.000
https://cfde-drc.s3.amazonaws.com/Metabolomics/KG%20Assertions/2024-05-08/MW.zip	2024-05-08 00:00:00.000	True		089d8d63-3364-526f-9706-80d62d0ec88c	True	False	True	2024-05-08 00:00:00.000
https://cfde-drc.s3.amazonaws.com/MoTrPAC/KG%20Assertions/2024-05-08/MoTrPAC.zip	2024-05-08 00:00:00.000	True		a9aeab22-4fbc-5329-aef6-21110f463c23	True	False	True	2024-05-08 00:00:00.000
https://cfde-drc.s3.amazonaws.com/LINCS/KG%20Assertions/2024-05-08/LINCS.zip	2024-05-08 00:00:00.000	True		f3f490cf-fd69-579c-8ea3-472c7cf3fb59	True	False	True	2024-05-08 00:00:00.000
https://cfde-drc.s3.amazonaws.com/4DN/KG%20Assertions/2024-05-08/4DN.zip	2024-05-08 00:00:00.000	True		d6bb00c3-7224-5001-b9c5-9838622fba40	True	False	True	2024-05-08 00:00:00.000
https://cfde-drc.s3.amazonaws.com/Kids%20First/C2M2/2024-04-03/KidsFirst_C2M2_datapackage_2024-03-10.zip	2024-03-10 00:00:00.000	False		65af85ae-82d5-5b81-bc66-6bddaa6420ce	True	True	False	2024-03-10 00:00:00.000
https://cfde-drc.s3.amazonaws.com/MoTrPAC/XMT/2023-09-29/MoTrPAC_XMT_2023-09-29_MoTrPAC_Rat_Exercise_Sigs_2023.gmt	2023-09-29 00:00:00.000	True		a9aeab22-4fbc-5329-aef6-21110f463c23	True	False	True	2023-09-29 00:00:00.000
https://github.com/nih-cfde/playbook-partnership/blob/main/components/core/primitives/variant.ts	2023-10-19 00:00:00.000	True		f65babf7-2875-5725-9635-210d654533f1	True	False	False	2023-10-19 00:00:00.000
https://github.com/nih-cfde/playbook-partnership/blob/main/components/core/primitives/regulatoryElement.ts	2023-10-19 00:00:00.000	True		f65babf7-2875-5725-9635-210d654533f1	True	False	False	2023-10-19 00:00:00.000
https://github.com/nih-cfde/LINCS-metadata/blob/main/scripts/process_mcf0a_c2m2.py	2024-02-20 20:16:23.088	False		f3f490cf-fd69-579c-8ea3-472c7cf3fb59	False	False	True	2024-02-20 20:16:23.088
https://github.com/nih-cfde/LINCS-metadata/blob/main/scripts/process_mf10a_c2m2.py	2024-02-20 20:19:52.739	False		f3f490cf-fd69-579c-8ea3-472c7cf3fb59	False	False	True	2024-02-20 20:19:52.739
https://github.com/nih-cfde/LINCS-metadata/blob/ain/scripts/process_mcf10a_c2m2.py	2024-02-21 22:08:41.275	False		f3f490cf-fd69-579c-8ea3-472c7cf3fb59	False	False	True	2024-02-21 22:08:41.275
https://entity.api.hubmapconsortium.org	2024-04-26 16:55:07.893	True		803ad44d-e7a2-550a-95c6-57855bf06be8	True	False	False	2024-04-26 16:55:07.893
https://maayanlab.cloud/sigcom-lincs/#/MetadataSearch/Signatures?query={"search":["Imatinib"]}	2024-02-23 00:39:11.429	True		f3f490cf-fd69-579c-8ea3-472c7cf3fb59	True	False	True	2024-02-23 00:39:11.429
https://maayanlab.cloud/sigcom-lincs/#/MetadataSearch/Genes?query={"skip":0,"limit":10,"search":["ACE2"]}	2024-02-23 00:35:25.077	True		f3f490cf-fd69-579c-8ea3-472c7cf3fb59	True	False	True	2024-02-23 00:35:25.077
https://maayanlab.cloud/sigcom-lincs/#/MetadataSearch/Signatures?query={"search":["<DRUG_NAME>"]}	2024-02-21 22:13:41.936	True		f3f490cf-fd69-579c-8ea3-472c7cf3fb59	True	False	True	2024-02-21 22:13:41.936
https://maayanlab.cloud/sigcom-lincs/#/MetadataSearch/Genes?query={"skip":0,"limit":10,"search":["<GENE_NAME>"]}	2024-02-21 20:54:33.202	True		f3f490cf-fd69-579c-8ea3-472c7cf3fb59	True	False	True	2024-02-21 20:54:33.202
https://cfde-drc.s3.amazonaws.com/Bridge2AI/KG Assertions/2024-03-01/dictionary_NAR_databases_deduplicate.csv	2024-03-01 05:26:07.582	False		75b3be39-a021-5d80-b7e2-2a7938a1e11a	False	False	True	2024-03-01 05:26:07.582
https://cfde-drc.s3.amazonaws.com/LINCS/Attribute Table/2024-03-29/LINCS_L1000_CRISPR_KO_Perturbation_Consensus_CD_Sigs.h5	2024-03-29 18:02:52.044	True		f3f490cf-fd69-579c-8ea3-472c7cf3fb59	True	True	False	2024-03-29 18:02:52.044
https://cfde-drc.s3.amazonaws.com/Bridge2AI/KG Assertions/2024-03-01/Papers.csv	2024-03-01 05:36:02.019	False		75b3be39-a021-5d80-b7e2-2a7938a1e11a	False	True	True	2024-03-01 05:36:02.019
https://cfde-drc.s3.amazonaws.com/4DN/C2M2/2022-01-07/4DN_C2M2_2022-01-07_datapackage.zip	2022-01-07 00:00:00.000	False		d6bb00c3-7224-5001-b9c5-9838622fba40	True	True	False	2022-01-07 00:00:00.000
https://playbook-workflow-builder.cloud/components/LINCSL1000ReverseSearchDashboard	2024-02-26 23:06:30.407	False		f3f490cf-fd69-579c-8ea3-472c7cf3fb59	True	True	False	2024-02-26 23:06:30.407
https://cfde-drc.s3.amazonaws.com/LINCS/Attribute Table/2024-03-28/LINCS_L1000_Chemical_Perturbation_Consensus_CD_Sigs.h5	2024-03-28 20:39:23.396	True		f3f490cf-fd69-579c-8ea3-472c7cf3fb59	True	True	False	2024-03-28 20:39:23.396
https://cfde-drc.s3.amazonaws.com/LINCS/XMT/2024-04-11/LINCS_XMT_2022-12-13_LINCS_L1000_Chemical_Pertubation_Consensus_Signatures.gmt	2024-04-11 21:19:38.478	True		f3f490cf-fd69-579c-8ea3-472c7cf3fb59	False	False	True	2024-04-11 21:19:38.478
https://cfde-drc.s3.amazonaws.com/LINCS/XMT/2024-04-23/testfile.gmt	2024-04-23 17:52:11.176	True		f3f490cf-fd69-579c-8ea3-472c7cf3fb59	False	False	True	2024-04-23 17:52:11.176
https://cfde-drc.s3.amazonaws.com/HuBMAP/C2M2/2024-04-26/2024-01-04T11_45_25.136063-a7bb912c-ab20-11ee-9ed4-02402ff490c1.zip	2024-04-26 16:42:12.982	True		803ad44d-e7a2-550a-95c6-57855bf06be8	False	False	True	2024-04-26 16:42:12.982
https://cfde-drc.s3.amazonaws.com/LINCS/C2M2/2024-04-02/LINCS_C2M2_2023-09-18_datapackage.zip	2024-04-02 22:04:56.506	True		f3f490cf-fd69-579c-8ea3-472c7cf3fb59	False	False	True	2024-04-02 22:04:56.506
https://cfde-drc.s3.amazonaws.com/MoTrPAC/XMT/2024-03-05/MoTrPAC_Endurance_Trained_Rats_2023.gmt	2024-03-05 21:37:22.732	True		a9aeab22-4fbc-5329-aef6-21110f463c23	True	True	False	2024-03-05 21:37:22.732
https://cfde-drc.s3.amazonaws.com/4DN/KG Assertions/2024-04-29/4DN.zip	2024-04-29 19:56:24.174	False		d6bb00c3-7224-5001-b9c5-9838622fba40	True	False	True	2024-04-29 19:56:24.174
https://cfde-drc.s3.amazonaws.com/SPARC/KG Assertions/2024-04-29/SPARC.zip	2024-04-29 20:08:29.598	False		2399794e-74c6-5735-a039-0782cdeeb1e2	True	False	True	2024-04-29 20:08:29.598
https://cfde-drc.s3.amazonaws.com/GTEx/KG Assertions/2024-04-29/GTEx.zip	2024-04-29 19:54:21.043	False		b3028db2-209c-5862-8f4d-33c5b312332e	True	False	True	2024-04-29 19:54:21.043
https://cfde-drc.s3.amazonaws.com/HuBMAP/C2M2/2024-04-26/hubmap-test-submission.zip	2024-04-26 16:49:36.953	False		803ad44d-e7a2-550a-95c6-57855bf06be8	False	False	False	2024-04-26 16:49:36.953
https://cfde-drc.s3.amazonaws.com/HMP/C2M2/2022-06-20/HMP_C2M2_2022-06-20_datapackage.zip	2022-06-20 00:00:00.000	True		cbfd44b8-684d-56b9-bfd4-45c0e259f896	True	True	False	2022-06-20 00:00:00.000
https://lincs-dcic.s3.amazonaws.com/LINCS-sigs-2021/gctx/cd-coefficient/cp_coeff_mat.gctx	2021-06-23 00:00:00.000	True		f3f490cf-fd69-579c-8ea3-472c7cf3fb59	True	True	False	2021-06-23 00:00:00.000
https://maayanlab.cloud/drugmonizome/#/TermSearch/Small%20molecules?query={"limit":10,"search":["Imatinib"]}	2024-02-23 00:50:45.806	True		f3f490cf-fd69-579c-8ea3-472c7cf3fb59	True	False	True	2024-02-23 00:50:45.806
https://maayanlab.cloud/drugmonizome/#/TermSearch/Small%20molecules?query={"limit":10,"search":["<DRUG_NAME>"]}	2024-02-23 00:50:20.920	True		f3f490cf-fd69-579c-8ea3-472c7cf3fb59	True	False	True	2024-02-23 00:50:20.920
https://maayanlab.cloud/Harmonizome/gene/ACE2	2024-02-23 00:49:47.002	True		f3f490cf-fd69-579c-8ea3-472c7cf3fb59	True	False	True	2024-02-23 00:49:47.002
https://maayanlab.cloud/Harmonizome/gene/<GENE_NAME>	2024-02-23 00:49:23.806	True		f3f490cf-fd69-579c-8ea3-472c7cf3fb59	True	False	True	2024-02-23 00:49:23.806
http://lincsportal.ccs.miami.edu/signatures/perturbations/16646	2024-02-23 00:48:37.837	True		f3f490cf-fd69-579c-8ea3-472c7cf3fb59	True	False	True	2024-02-23 00:48:37.837
http://lincsportal.ccs.miami.edu/signatures/perturbations/<PERT_ID>	2024-02-23 00:47:48.565	True		f3f490cf-fd69-579c-8ea3-472c7cf3fb59	True	False	True	2024-02-23 00:47:48.565
https://smart-api.info/ui/fdb3ecfcf5006a142d3f5522930324f1	2022-05-22 00:00:00.000	True		f3f490cf-fd69-579c-8ea3-472c7cf3fb59	True	True	False	2022-05-22 00:00:00.000
https://lincs-dcic.s3.amazonaws.com/LINCS-sigs-2021/gctx/cd-coefficient/xpr_coeff_mat.gctx	2021-06-23 00:00:00.000	True		f3f490cf-fd69-579c-8ea3-472c7cf3fb59	True	True	False	2021-06-23 00:00:00.000
https://cfde-drc.s3.amazonaws.com/LINCS/XMT/2024-04-02/LINCS_XMT_2022-12-13_LINCS_L1000_CRISPR_KO_Consensus_Sigs.gmt	2024-04-02 22:18:23.640	True		f3f490cf-fd69-579c-8ea3-472c7cf3fb59	True	False	True	2024-04-02 22:18:23.640
https://cfde-drc.s3.amazonaws.com/LINCS/KG Assertions/2024-04-02/LINCS_KG_2023-10-26_LINCS.edges(1).csv	2024-04-02 22:08:10.713	True		f3f490cf-fd69-579c-8ea3-472c7cf3fb59	True	False	True	2024-04-02 22:08:10.713
https://cfde-drc.s3.amazonaws.com/4DN/C2M2/2023-09-08/4DN_C2M2_2023-09-08_datapackage.zip	2023-09-08 00:00:00.000	False		d6bb00c3-7224-5001-b9c5-9838622fba40	True	True	False	2023-09-08 00:00:00.000
https://cfde-drc.s3.amazonaws.com/ExRNA/KG Assertions/2024-05-08/ERCC.zip	2024-05-08 15:37:18.848	True		f65babf7-2875-5725-9635-210d654533f1	True	False	False	2024-05-08 15:37:18.848
https://cfde-drc.s3.amazonaws.com/GTEx/KG Assertions/2024-05-08/GTEx.zip	2024-05-08 15:40:12.832	True		b3028db2-209c-5862-8f4d-33c5b312332e	True	False	False	2024-05-08 15:40:12.832
https://cfde-drc.s3.amazonaws.com/4DN/C2M2/2023-02-27/4DN_C2M2_2023-02-27_datapackage.zip	2023-02-27 00:00:00.000	False		d6bb00c3-7224-5001-b9c5-9838622fba40	True	True	False	2023-02-27 00:00:00.000
https://cfde-drc.s3.amazonaws.com/4DN/C2M2/2023-06-04/4DN_C2M2_2023-06-04_datapackage.zip	2023-06-04 00:00:00.000	False		d6bb00c3-7224-5001-b9c5-9838622fba40	True	True	False	2023-06-04 00:00:00.000
https://cfde-drc.s3.amazonaws.com/ERCC/C2M2/2021-03-18/ERCC_C2M2_2021-03-18_datapackage.zip	2021-03-18 00:00:00.000	False		f65babf7-2875-5725-9635-210d654533f1	True	True	False	2021-03-18 00:00:00.000
https://cfde-drc.s3.amazonaws.com/KidsFirst/KG Assertions/2024-05-08/KF.zip	2024-05-08 15:43:06.159	True		65af85ae-82d5-5b81-bc66-6bddaa6420ce	True	False	False	2024-05-08 15:43:06.159
https://cfde-drc.s3.amazonaws.com/GlyGen/KG Assertions/2024-04-29/GlyGen.zip	2024-04-29 20:01:52.578	False		e31052b0-ac50-5ede-9828-698ff3610427	True	False	True	2024-04-29 20:01:52.578
https://cfde-drc.s3.amazonaws.com/ExRNA/KG Assertions/2024-04-29/ERCC.zip	2024-04-29 20:00:54.153	False		f65babf7-2875-5725-9635-210d654533f1	True	False	True	2024-04-29 20:00:54.153
https://cfde-drc.s3.amazonaws.com/SPARC/C2M2/2024-01-03/SPARC_C2M2_2024-01-03_datapackage.zip	2024-01-03 00:00:00.000	False		2399794e-74c6-5735-a039-0782cdeeb1e2	True	True	True	2024-01-03 00:00:00.000
https://playbook-workflow-builder.cloud/components/MyVariantInfo	2023-10-19 00:00:00.000	True		f65babf7-2875-5725-9635-210d654533f1	True	False	False	2023-10-19 00:00:00.000
https://playbook-workflow-builder.cloud/components/RegulatoryElementInfo	2023-10-19 00:00:00.000	True		f65babf7-2875-5725-9635-210d654533f1	True	False	False	2023-10-19 00:00:00.000
https://playbook-workflow-builder.cloud/components/VariantInfo	2023-10-19 00:00:00.000	True		f65babf7-2875-5725-9635-210d654533f1	True	False	False	2023-10-19 00:00:00.000
https://cfde-drc.s3.amazonaws.com/ERCC/C2M2/2021-06-11/ERCC_C2M2_2021-06-11_datapackage.zip	2021-06-11 00:00:00.000	False		f65babf7-2875-5725-9635-210d654533f1	True	True	False	2021-06-11 00:00:00.000
https://github.com/nih-cfde/LINCS-metadata/blob/main/scripts/process_mcf10a_c2m2.py	2022-05-22 00:00:00.000	False		f3f490cf-fd69-579c-8ea3-472c7cf3fb59	True	True	False	2022-05-22 00:00:00.000
https://cfde-drc.s3.amazonaws.com/ERCC/C2M2/2021-08-19/ERCC_C2M2_2021-08-19_datapackage.zip	2021-08-19 00:00:00.000	False		f65babf7-2875-5725-9635-210d654533f1	True	True	False	2021-08-19 00:00:00.000
https://cfde-drc.s3.amazonaws.com/ERCC/C2M2/2022-01-21/ERCC_C2M2_2022-01-21_datapackage.zip	2022-01-21 00:00:00.000	False		f65babf7-2875-5725-9635-210d654533f1	True	True	False	2022-01-21 00:00:00.000
https://cfde-drc.s3.amazonaws.com/ERCC/C2M2/2022-04-16/ERCC_C2M2_2022-04-16_datapackage.zip	2022-04-16 00:00:00.000	False		f65babf7-2875-5725-9635-210d654533f1	True	True	False	2022-04-16 00:00:00.000
https://cfde-drc.s3.amazonaws.com/ERCC/C2M2/2023-03-23/ERCC_C2M2_2023-03-23_datapackage.zip	2023-03-23 00:00:00.000	False		f65babf7-2875-5725-9635-210d654533f1	True	True	False	2023-03-23 00:00:00.000
https://cfde-drc.s3.amazonaws.com/IDG/KG Assertions/2024-05-08/IDG.zip	2024-05-08 15:41:52.312	True		a1289ebb-0306-59a1-b0fc-e4d03a4790d7	True	True	False	2024-05-08 15:41:52.312
https://cfde-drc.s3.amazonaws.com/HuBMAP/KG Assertions/2024-04-29/HuBMAP.zip	2024-04-29 20:03:27.284	False		803ad44d-e7a2-550a-95c6-57855bf06be8	True	False	True	2024-04-29 20:03:27.284
https://cfde-drc.s3.amazonaws.com/MoTrPAC/KG Assertions/2024-05-08/MoTrPAC.zip	2024-05-08 15:45:21.225	True		a9aeab22-4fbc-5329-aef6-21110f463c23	True	True	False	2024-05-08 15:45:21.225
https://cfde-drc.s3.amazonaws.com/HuBMAP/KG Assertions/2024-05-08/HuBMAP.zip	2024-05-08 15:41:23.674	True		803ad44d-e7a2-550a-95c6-57855bf06be8	True	False	False	2024-05-08 15:41:23.674
https://cfde-drc.s3.amazonaws.com/GlyGen/C2M2/2022-06-24/GlyGen_C2M2_2022-06-24_datapackage.zip	2022-06-24 00:00:00.000	False		e31052b0-ac50-5ede-9828-698ff3610427	True	True	False	2022-06-24 00:00:00.000
https://cfde-drc.s3.amazonaws.com/LINCS/XMT/2024-04-02/LINCS_XMT_2022-12-13_LINCS_L1000_Chem_Pert_Consensus_Sigs.gmt	2024-04-02 22:32:21.350	True		f3f490cf-fd69-579c-8ea3-472c7cf3fb59	True	False	True	2024-04-02 22:32:21.350
https://cfde-drc.s3.amazonaws.com/LINCS/XMT/2024-01-24/LINCS_XMT_2022-12-13_LINCS_L1000_Chem_Pert_Consensus_Sigs.gmt	2024-01-24 16:57:15.195	False		f3f490cf-fd69-579c-8ea3-472c7cf3fb59	False	False	True	2024-02-05 21:52:51.480
https://playbook-workflow-builder.cloud/components/SigComLINCSSignatureResults	2024-02-07 19:59:08.594	True		f3f490cf-fd69-579c-8ea3-472c7cf3fb59	True	True	False	2024-02-07 19:59:08.594
https://playbook-workflow-builder.cloud/components/SigComLINCSGeneSetResults	2024-02-07 19:58:11.678	True		f3f490cf-fd69-579c-8ea3-472c7cf3fb59	True	True	False	2024-02-07 19:58:11.678
https://cfde-drc.s3.amazonaws.com/IDG/KG Assertions/2024-04-29/IDG.zip	2024-04-29 20:04:46.887	False		a1289ebb-0306-59a1-b0fc-e4d03a4790d7	True	False	True	2024-04-29 20:04:46.887
https://cfde-drc.s3.amazonaws.com/LINCS/KG Assertions/2024-05-08/LINCS.zip	2024-05-08 15:44:35.620	True		f3f490cf-fd69-579c-8ea3-472c7cf3fb59	True	True	False	2024-05-08 15:44:35.620
https://entity.api.hubmapconsortium.org/	2024-06-10 19:04:01.444	True		803ad44d-e7a2-550a-95c6-57855bf06be8	True	True	False	2024-06-10 19:04:01.444
https://cfde-drc.s3.amazonaws.com/GlyGen/C2M2/2022-09-15/GlyGen_C2M2_2022-09-15_datapackage.zip	2022-09-15 00:00:00.000	False		e31052b0-ac50-5ede-9828-698ff3610427	True	True	False	2022-09-15 00:00:00.000
https://smart-api.info/api/metadata/75cfc060ea7bec431a356c00c4a67c74?raw=1	2024-01-17 16:36:05.739	False		f3f490cf-fd69-579c-8ea3-472c7cf3fb59	False	False	True	2024-02-05 21:52:51.480
https://smart-api.info/01	2024-01-17 16:41:06.156	False		f3f490cf-fd69-579c-8ea3-472c7cf3fb59	False	False	True	2024-02-05 21:52:51.480
https://smart-api.info/	2024-01-17 16:41:06.112	True		f3f490cf-fd69-579c-8ea3-472c7cf3fb59	False	True	True	2024-02-05 21:52:51.480
https://https://s3.amazonaws.com/cfde-drc/LINCS/XMT/2024-01-17/LINCS_L1000_Chem_Pert_Consensus_Sigs.gmt	2024-01-17 16:30:37.027	False		f3f490cf-fd69-579c-8ea3-472c7cf3fb59	False	False	True	2024-02-05 21:52:51.480
https://https://s3.amazonaws.com/cfde-drc/LINCS/XMT/2024-01-17/LINCS_L1000_CRISPR_KO_Consensus_Sigs.gmt	2024-01-17 16:30:33.642	False		f3f490cf-fd69-579c-8ea3-472c7cf3fb59	False	False	True	2024-02-05 21:52:51.480
https://https://s3.amazonaws.com/cfde-drc/LINCS/C2M2/2024-01-16/checking_rummagene_cell_types.zip	2024-01-16 21:38:50.104	False		f3f490cf-fd69-579c-8ea3-472c7cf3fb59	True	False	True	2024-02-05 21:52:51.480
https://https://s3.amazonaws.com/cfde-drc/LINCS/Attribute Table/2024-01-16/Azimuth_augmented.txt	2024-01-16 21:33:45.729	False		f3f490cf-fd69-579c-8ea3-472c7cf3fb59	True	False	True	2024-02-05 21:52:51.480
https://https://s3.amazonaws.com/cfde-drc/LINCS/XMT/2024-01-16/test.gmt	2024-01-16 20:18:28.257	False		f3f490cf-fd69-579c-8ea3-472c7cf3fb59	True	False	True	2024-02-05 21:52:51.480
https://maayanlab.cloud/Enrichr/help#api	2024-01-24 16:06:05.537	False		f3f490cf-fd69-579c-8ea3-472c7cf3fb59	False	False	True	2024-02-05 21:52:51.480
https://https://s3.amazonaws.com/cfde-drc/LINCS/XMT/2023-12-11/testfile.gmt	2023-12-11 19:56:42.750	False		f3f490cf-fd69-579c-8ea3-472c7cf3fb59	False	False	True	2024-02-05 21:52:51.480
https://cfde-drc.s3.amazonaws.com/LINCS/XMT/2024-01-24/LINCS_L1000_Chem_Pert_Consensus_Sigs.gmt	2024-01-24 16:03:54.106	False		f3f490cf-fd69-579c-8ea3-472c7cf3fb59	False	False	True	2024-02-05 21:52:51.480
https://cfde-drc.s3.amazonaws.com/LINCS/C2M2/2024-02-01/LINCS_C2M2_2023-09-18_datapackage.zip	2024-02-01 18:45:49.239	True		f3f490cf-fd69-579c-8ea3-472c7cf3fb59	True	False	True	2024-02-05 21:52:51.480
https://https://s3.amazonaws.com/cfde-drc/Metabolomics/C2M2/2023-12-13/MW_C2M2_2023-09-08_datapackage.zip	2023-12-13 20:28:12.282	False		089d8d63-3364-526f-9706-80d62d0ec88c	False	False	True	2024-02-05 21:52:51.480
https://data.sennetconsortium.org/	2024-06-10 18:57:15.223	True		dd66e8a5-0e05-5a43-a0ca-18cc3698bb36	True	True	False	2024-06-10 18:57:15.223
https://github.com/nih-cfde/LINCS-metadata/blob/main/scripts/process_mcf10a_cm2.py	2024-02-06 23:15:14.695	False		f3f490cf-fd69-579c-8ea3-472c7cf3fb59	False	False	True	2024-02-06 23:15:14.695
https://genboree.org/cfde-gene-dev/ui/api-docs	2022-08-30 00:00:00.000	True		f65babf7-2875-5725-9635-210d654533f1	True	False	False	2022-08-30 00:00:00.000
https://data.sennetconsortium.org/ccf-eui	2024-06-10 19:15:04.416	True		dd66e8a5-0e05-5a43-a0ca-18cc3698bb36	True	True	False	2024-06-10 19:15:04.416
https://entity.api.sennetconsortium.org	2024-06-10 19:07:51.391	True		dd66e8a5-0e05-5a43-a0ca-18cc3698bb36	True	True	False	2024-06-10 19:07:51.391
https://search.api.sennetconsortium.org	2024-06-10 19:05:52.698	True		dd66e8a5-0e05-5a43-a0ca-18cc3698bb36	True	True	False	2024-06-10 19:05:52.698
https://cfde-drc.s3.amazonaws.com/GlyGen/C2M2/2023-01-06/GlyGen_C2M2_2023-01-06_datapackage.zip	2023-01-06 00:00:00.000	False		e31052b0-ac50-5ede-9828-698ff3610427	True	True	False	2023-01-06 00:00:00.000
https://portal.hubmapconsortium.org/	2024-06-10 18:54:19.353	True		803ad44d-e7a2-550a-95c6-57855bf06be8	True	True	False	2024-06-10 18:54:19.353
https://cfde-drc.s3.amazonaws.com/KidsFirst/C2M2/2024-06-14/fy2024q3-cfde-c2m2-kids-first.zip	2024-06-14 21:59:29.287	False		65af85ae-82d5-5b81-bc66-6bddaa6420ce	False	True	False	2024-06-14 21:59:29.287
https://cfde-drc.s3.amazonaws.com/Metabolomics/C2M2/2024-06-06/MW_submission_packet_20240605.zip	2024-06-06 01:34:33.870	False		089d8d63-3364-526f-9706-80d62d0ec88c	True	True	False	2024-06-06 01:34:33.870
https://sparc.science/tools-and-resources/tools	2024-06-15 22:53:26.888	False		2399794e-74c6-5735-a039-0782cdeeb1e2	True	True	False	2024-06-15 22:53:26.888
https://cfde-drc.s3.amazonaws.com/Metabolomics/KG Assertions/2024-05-08/MW.zip	2024-05-08 15:46:00.637	True		089d8d63-3364-526f-9706-80d62d0ec88c	True	True	False	2024-05-08 15:46:00.637
https://search.api.hubmapconsortium.org/v3/	2024-06-10 18:39:05.532	True		803ad44d-e7a2-550a-95c6-57855bf06be8	True	True	False	2024-06-10 18:39:05.532
https://cfde-drc.s3.amazonaws.com/ExRNA/C2M2/2025-06-17/CFDE_20250612.zip	2025-06-17 19:19:40.559	False		f65babf7-2875-5725-9635-210d654533f1	False	False	True	2025-06-17 19:19:40.559
https://lincsproject.org/LINCS/tools	2024-06-11 21:25:45.701	True		f3f490cf-fd69-579c-8ea3-472c7cf3fb59	True	True	False	2024-06-11 21:25:45.701
https://cfde-drc.s3.amazonaws.com/GlyGen/C2M2/2024-06-12/glygen_may_autogenerated_C2M2_term_tables.zip	2024-06-12 17:21:13.580	False		e31052b0-ac50-5ede-9828-698ff3610427	True	True	False	2024-06-12 17:21:13.580
https://cfde-drc.s3.amazonaws.com/HuBMAP/C2M2/2024-06-13/submission.zip	2024-06-13 19:27:22.387	False		803ad44d-e7a2-550a-95c6-57855bf06be8	True	True	False	2024-06-13 19:27:22.387
https://cfde-drc.s3.amazonaws.com/LINCS/XMT/2024-02-12/testfile.gmt	2024-02-12 17:40:12.544	False		f3f490cf-fd69-579c-8ea3-472c7cf3fb59	False	False	True	2024-02-12 17:40:12.544
https://cfde-drc.s3.amazonaws.com/HuBMAP/C2M2/2024-04-03/HuBMAP_C2M2_2024-01-04_datapackage.zip	2024-04-03 15:02:45.132	False		803ad44d-e7a2-550a-95c6-57855bf06be8	True	False	False	2024-04-03 15:02:45.132
https://cfde-drc.s3.amazonaws.com/LINCS/C2M2/2024-04-03/Glycosciences_C2M2_datapackage_2024-03-14.zip	2024-04-03 14:48:24.119	True		f3f490cf-fd69-579c-8ea3-472c7cf3fb59	False	False	True	2024-04-03 14:48:24.119
https://cfde-drc.s3.amazonaws.com/LINCS/XMT/2024-04-10/LINCS_XMT_2022-12-13_LINCS_L1000_Chemical_Pertubation_Consensus_Signatures.gmt	2024-04-10 21:35:21.626	True		f3f490cf-fd69-579c-8ea3-472c7cf3fb59	True	False	True	2024-04-10 21:35:21.626
https://cfde-drc.s3.amazonaws.com/4DN/C2M2/2024-04-03/4DN_C2M2_2023-11-28_datapackage.zip	2024-04-03 14:58:27.460	False		d6bb00c3-7224-5001-b9c5-9838622fba40	True	True	False	2024-04-03 14:58:27.460
https://cfde-drc.s3.amazonaws.com/GlyGen/C2M2/2024-04-03/Glycosciences_C2M2_datapackage_2024-03-14.zip	2024-04-03 14:56:00.367	True		e31052b0-ac50-5ede-9828-698ff3610427	True	False	True	2024-04-03 14:56:00.367
https://cfde-drc.s3.amazonaws.com/LINCS/XMT/2024-04-10/LINCS_XMT_2022-12-13_LINCS_L1000_Chem_Pert_Consensus_Sigs.gmt	2024-04-10 21:21:25.310	True		f3f490cf-fd69-579c-8ea3-472c7cf3fb59	False	False	True	2024-04-10 21:21:25.310
https://cfde-drc.s3.amazonaws.com/LINCS/XMT/2024-04-10/LINCS_XMT_2022-12-13_LINCS_L1000_Chemical_Pertubation_Consensus_Sigs.gmt	2024-04-10 21:28:07.212	True		f3f490cf-fd69-579c-8ea3-472c7cf3fb59	False	False	True	2024-04-10 21:28:07.212
https://cfde-drc.s3.amazonaws.com/4DN/C2M2/2022-04-05/4DN_C2M2_2022-04-05_datapackage.zip	2022-04-05 00:00:00.000	False		d6bb00c3-7224-5001-b9c5-9838622fba40	True	True	False	2022-04-05 00:00:00.000
https://cfde-drc.s3.amazonaws.com/4DN/C2M2/2022-05-20/4DN_C2M2_2022-05-20_datapackage.zip	2022-05-20 00:00:00.000	False		d6bb00c3-7224-5001-b9c5-9838622fba40	True	True	False	2022-05-20 00:00:00.000
https://cfde-drc.s3.amazonaws.com/4DN/C2M2/2022-09-09/4DN_C2M2_2022-09-09_datapackage.zip	2022-09-09 00:00:00.000	False		d6bb00c3-7224-5001-b9c5-9838622fba40	True	True	False	2022-09-09 00:00:00.000
https://cfde-drc.s3.amazonaws.com/4DN/C2M2/2022-12-13/4DN_C2M2_2022-12-13_datapckage.zip	2022-12-13 00:00:00.000	False		d6bb00c3-7224-5001-b9c5-9838622fba40	True	True	False	2022-12-13 00:00:00.000
https://cfde-drc.s3.amazonaws.com/GTEx/C2M2/2021-03-17/GTEx_C2M2_2021-03-17_datapackage.zip	2021-03-17 00:00:00.000	False		b3028db2-209c-5862-8f4d-33c5b312332e	True	True	False	2021-03-17 00:00:00.000
https://cfde-drc.s3.amazonaws.com/GTEx/C2M2/2021-06-08/GTEx_C2M2_2021-06-08_datapackage.zip	2021-06-08 00:00:00.000	False		b3028db2-209c-5862-8f4d-33c5b312332e	True	True	False	2021-06-08 00:00:00.000
https://cfde-drc.s3.amazonaws.com/GTEx/C2M2/2022-01-18/GTEx_C2M2_2022-01-18_datapackage.zip	2022-01-18 00:00:00.000	False		b3028db2-209c-5862-8f4d-33c5b312332e	True	True	False	2022-01-18 00:00:00.000
https://cfde-drc.s3.amazonaws.com/GTEx/C2M2/2022-04-07/GTEx_C2M2_2022-04-07_datapackage.zip	2022-04-07 00:00:00.000	False		b3028db2-209c-5862-8f4d-33c5b312332e	True	True	False	2022-04-07 00:00:00.000
https://cfde-drc.s3.amazonaws.com/GTEx/C2M2/2022-06-17/GTEx_C2M2_2022-06-17_datapackage.zip	2022-06-17 00:00:00.000	False		b3028db2-209c-5862-8f4d-33c5b312332e	True	True	False	2022-06-17 00:00:00.000
https://cfde-drc.s3.amazonaws.com/GlyGen/C2M2/2022-04-15/GlyGen_C2M2_2022-04-15_datapackage.zip	2022-04-15 00:00:00.000	False		e31052b0-ac50-5ede-9828-698ff3610427	True	True	False	2022-04-15 00:00:00.000
https://cfde-drc.s3.amazonaws.com/GlyGen/C2M2/2023-03-06/GlyGen_C2M2_2023-03-06_datapackage.zip	2023-03-06 00:00:00.000	False		e31052b0-ac50-5ede-9828-698ff3610427	True	True	False	2023-03-06 00:00:00.000
https://cfde-drc.s3.amazonaws.com/Metabolomics/KG Assertions/2024-04-29/MW.zip	2024-04-29 20:07:55.154	False		089d8d63-3364-526f-9706-80d62d0ec88c	True	False	True	2024-04-29 20:07:55.154
https://cfde-drc.s3.amazonaws.com/MoTrPAC/KG Assertions/2024-04-29/MoTrPAC.zip	2024-04-29 20:07:23.576	False		a9aeab22-4fbc-5329-aef6-21110f463c23	True	False	True	2024-04-29 20:07:23.576
https://cfde-drc.s3.amazonaws.com/KidsFirst/KG Assertions/2024-04-29/KF.zip	2024-04-29 20:06:16.862	False		65af85ae-82d5-5b81-bc66-6bddaa6420ce	True	False	True	2024-04-29 20:06:16.862
https://cfde-drc.s3.amazonaws.com/MoTrPAC/C2M2/2024-04-03/MoTrPAC_C2M2_datapackage_2024-03-12.zip	2024-04-03 14:33:29.904	True		a9aeab22-4fbc-5329-aef6-21110f463c23	True	True	False	2024-04-03 14:33:29.904
https://portal.hubmapconsortium.org/ccf-eui	2024-06-10 19:20:44.995	True		803ad44d-e7a2-550a-95c6-57855bf06be8	True	True	False	2024-06-10 19:20:44.995
https://humanatlas.io/	2024-06-10 19:15:50.158	True		803ad44d-e7a2-550a-95c6-57855bf06be8	True	True	False	2024-06-10 19:15:50.158
https://cfde-drc.s3.amazonaws.com/GlyGen/C2M2/2023-09-15/GlyGen_C2M2_2023-09-15_datapackage.zip	2023-09-15 00:00:00.000	False		e31052b0-ac50-5ede-9828-698ff3610427	True	True	False	2023-09-15 00:00:00.000
https://cfde-drc.s3.amazonaws.com/Metabolomics/C2M2/2024-04-03/MW_C2M2_datapackage_2024-03-10.zip	2024-04-03 14:34:56.883	False		089d8d63-3364-526f-9706-80d62d0ec88c	True	False	False	2024-04-03 14:34:56.883
https://cfde-drc.s3.amazonaws.com/HuBMAP/C2M2/2023-09-17/HuBMAP_C2M2_2023-09-17_datapackage.zip	2023-09-17 00:00:00.000	False		803ad44d-e7a2-550a-95c6-57855bf06be8	True	True	False	2023-09-17 00:00:00.000
https://cfde-drc.s3.amazonaws.com/4DN/C2M2/2024-04-03/4DN_C2M2_datapackage_2024-03-10.zip	2024-04-03 14:38:19.410	False		d6bb00c3-7224-5001-b9c5-9838622fba40	True	True	False	2024-04-03 14:38:19.410
https://cfde-drc.s3.amazonaws.com/GlyGen/C2M2/2024-07-03/glygen_may_autogenerated_C2M2_term_tables_validated.zip	2024-07-03 18:20:39.985	False		e31052b0-ac50-5ede-9828-698ff3610427	True	True	False	2024-07-03 18:20:39.985
https://cfde-drc.s3.amazonaws.com/IDG/C2M2/2024-07-03/IDG_C2M2_2024-01-09_datapackage_validated.zip	2024-07-03 18:19:15.671	True		a1289ebb-0306-59a1-b0fc-e4d03a4790d7	True	True	False	2024-07-03 18:19:15.671
https://cfde-drc.s3.amazonaws.com/SPARC/C2M2/2024-04-03/SPARC_C2M2_datapackage_2024-03-17.zip	2024-04-03 14:34:40.919	False		2399794e-74c6-5735-a039-0782cdeeb1e2	True	True	True	2024-04-03 14:34:40.919
https://cfde-drc.s3.amazonaws.com/ERCC/C2M2/2023-08-17/ERCC_C2M2_2023-08-17_datapackage.zip	2023-08-17 00:00:00.000	False		f65babf7-2875-5725-9635-210d654533f1	True	True	False	2023-08-17 00:00:00.000
https://cfde-drc.s3.amazonaws.com/SCGE/C2M2/2025-07-17/C2M2.zip	2025-07-17 16:06:23.454	True		38468653-8c59-5fdb-b6ca-afa16d9c5c1e	False	False	True	2025-07-17 16:06:23.454
https://github.com/nih-cfde/playbook-partnership/blob/main/components/MW/metgene_rxn_table/index.tsx	2023-05-22 00:00:00.000	True		089d8d63-3364-526f-9706-80d62d0ec88c	True	True	False	2023-05-22 00:00:00.000
https://cfde-drc.s3.amazonaws.com/IDG/C2M2/2024-04-03/IDG_C2M2_2024-01-09_datapackage.zip	2024-04-03 15:03:48.586	False		a1289ebb-0306-59a1-b0fc-e4d03a4790d7	True	True	False	2024-04-03 15:03:48.586
https://cfde-drc.s3.amazonaws.com/GlyGen/C2M2/2023-06-13/GlyGen_C2M2_2023-06-13_datapackage.zip	2023-06-13 00:00:00.000	False		e31052b0-ac50-5ede-9828-698ff3610427	True	True	False	2023-06-13 00:00:00.000
https://cfde-drc.s3.amazonaws.com/HMP/C2M2/2021-03-24/HMP_C2M2_2021-03-24_datapackage.zip	2021-03-24 00:00:00.000	False		cbfd44b8-684d-56b9-bfd4-45c0e259f896	True	True	False	2021-03-24 00:00:00.000
https://cfde-drc.s3.amazonaws.com/HMP/C2M2/2021-06-10/HMP_C2M2_2021-06-10_datapackage.zip	2021-06-10 00:00:00.000	False		cbfd44b8-684d-56b9-bfd4-45c0e259f896	True	True	False	2021-06-10 00:00:00.000
https://cfde-drc.s3.amazonaws.com/HMP/C2M2/2021-08-11/HMP_C2M2_2021-08-11_datapackage.zip	2021-08-11 00:00:00.000	False		cbfd44b8-684d-56b9-bfd4-45c0e259f896	True	True	False	2021-08-11 00:00:00.000
https://cfde-drc.s3.amazonaws.com/HMP/C2M2/2021-10-15/HMP_C2M2_2021-10-15_datapackage.zip	2021-10-15 00:00:00.000	False		cbfd44b8-684d-56b9-bfd4-45c0e259f896	True	True	False	2021-10-15 00:00:00.000
https://cfde-drc.s3.amazonaws.com/HMP/C2M2/2022-01-11/HMP_C2M2_2022-01-11_datapackage.zip	2022-01-11 00:00:00.000	False		cbfd44b8-684d-56b9-bfd4-45c0e259f896	True	True	False	2022-01-11 00:00:00.000
https://cfde-drc.s3.amazonaws.com/HMP/C2M2/2022-04-26/HMP_C2M2_2022-04-26_datapackage.zip	2022-04-26 00:00:00.000	False		cbfd44b8-684d-56b9-bfd4-45c0e259f896	True	True	False	2022-04-26 00:00:00.000
https://cfde-drc.s3.amazonaws.com/HuBMAP/C2M2/2021-03-19/HuBMAP_C2M2_2021-03-19_datapackage.zip	2021-03-19 00:00:00.000	False		803ad44d-e7a2-550a-95c6-57855bf06be8	True	True	False	2021-03-19 00:00:00.000
https://cfde-drc.s3.amazonaws.com/HuBMAP/C2M2/2021-06-23/HuBMAP_C2M2_2021-06-23_datapackage.zip	2021-06-23 00:00:00.000	False		803ad44d-e7a2-550a-95c6-57855bf06be8	True	True	False	2021-06-23 00:00:00.000
https://cfde-drc.s3.amazonaws.com/HuBMAP/C2M2/2021-10-15/HuBMAP_C2M2_2021-10-15_datapackage.zip	2021-10-15 00:00:00.000	False		803ad44d-e7a2-550a-95c6-57855bf06be8	True	True	False	2021-10-15 00:00:00.000
https://cfde-drc.s3.amazonaws.com/HuBMAP/C2M2/2022-01-15/HuBMAP_C2M2_2022-01-15_datapackage.zip	2022-01-15 00:00:00.000	False		803ad44d-e7a2-550a-95c6-57855bf06be8	True	True	False	2022-01-15 00:00:00.000
https://cfde-drc.s3.amazonaws.com/HuBMAP/C2M2/2022-06-19/HuBMAP_C2M2_2022-06-19_datapackage.zip	2022-06-19 00:00:00.000	False		803ad44d-e7a2-550a-95c6-57855bf06be8	True	True	False	2022-06-19 00:00:00.000
https://cfde-drc.s3.amazonaws.com/HuBMAP/C2M2/2023-03-31/HuBMAP_C2M2_2023-03-31_datapackage.zip	2023-03-31 00:00:00.000	False		803ad44d-e7a2-550a-95c6-57855bf06be8	True	True	False	2023-03-31 00:00:00.000
https://cfde-drc.s3.amazonaws.com/IDG/C2M2/2021-03-30/IDG_C2M2_2021-03-30_datapackage.zip	2021-03-30 00:00:00.000	False		a1289ebb-0306-59a1-b0fc-e4d03a4790d7	True	True	False	2021-03-30 00:00:00.000
https://cfde-drc.s3.amazonaws.com/IDG/C2M2/2021-09-29/IDG_C2M2_2021-09-29_datapackage.zip	2021-09-29 00:00:00.000	False		a1289ebb-0306-59a1-b0fc-e4d03a4790d7	True	True	False	2021-09-29 00:00:00.000
https://cfde-drc.s3.amazonaws.com/IDG/C2M2/2022-01-19/IDG_C2M2_2022-01-19_datapackage.zip	2022-01-19 00:00:00.000	False		a1289ebb-0306-59a1-b0fc-e4d03a4790d7	True	True	False	2022-01-19 00:00:00.000
https://cfde-drc.s3.amazonaws.com/IDG/C2M2/2022-04-13/IDG_C2M2_2022-04-13_datapackage.zip	2022-04-13 00:00:00.000	False		a1289ebb-0306-59a1-b0fc-e4d03a4790d7	True	True	False	2022-04-13 00:00:00.000
https://cfde-drc.s3.amazonaws.com/IDG/C2M2/2022-06-15/IDG_C2M2_2022-06-15_datapackage.zip	2022-06-15 00:00:00.000	False		a1289ebb-0306-59a1-b0fc-e4d03a4790d7	True	True	False	2022-06-15 00:00:00.000
https://cfde-drc.s3.amazonaws.com/KidsFirst/C2M2/2021-03-26/KidsFirst_C2M2_2021-03-26_datapackage.zip	2021-03-26 00:00:00.000	False		65af85ae-82d5-5b81-bc66-6bddaa6420ce	True	True	False	2021-03-26 00:00:00.000
https://cfde-drc.s3.amazonaws.com/KidsFirst/C2M2/2021-06-18/KidsFirst_C2M2_2021-06-18_datapackage.zip	2021-06-18 00:00:00.000	False		65af85ae-82d5-5b81-bc66-6bddaa6420ce	True	True	False	2021-06-18 00:00:00.000
https://cfde-drc.s3.amazonaws.com/KidsFirst/C2M2/2022-01-10/KidsFirst_C2M2_2022-01-10_datapackage.zip	2022-01-10 00:00:00.000	False		65af85ae-82d5-5b81-bc66-6bddaa6420ce	True	True	False	2022-01-10 00:00:00.000
https://cfde-drc.s3.amazonaws.com/KidsFirst/C2M2/2022-04-15/KidsFirst_C2M2_2022-04-15_datapackage.zip	2022-04-15 00:00:00.000	False		65af85ae-82d5-5b81-bc66-6bddaa6420ce	True	True	False	2022-04-15 00:00:00.000
https://cfde-drc.s3.amazonaws.com/KidsFirst/C2M2/2022-07-08/KidsFirst_C2M2_2022-07-08_datapackage.zip	2022-07-08 00:00:00.000	False		65af85ae-82d5-5b81-bc66-6bddaa6420ce	True	True	False	2022-07-08 00:00:00.000
https://cfde-drc.s3.amazonaws.com/KidsFirst/C2M2/2022-09-02/KidsFirst_C2M2_2022-09-02_datapackage.zip	2022-09-02 00:00:00.000	False		65af85ae-82d5-5b81-bc66-6bddaa6420ce	True	True	False	2022-09-02 00:00:00.000
https://cfde-drc.s3.amazonaws.com/KidsFirst/C2M2/2022-12-29/KidsFirst_C2M2_2022-12-29_datapackage.zip	2022-12-29 00:00:00.000	False		65af85ae-82d5-5b81-bc66-6bddaa6420ce	True	True	False	2022-12-29 00:00:00.000
https://cfde-drc.s3.amazonaws.com/IDG/C2M2/2023-06-09/IDG_C2M2_2023-06-09_datapackage.zip	2023-06-09 00:00:00.000	False		a1289ebb-0306-59a1-b0fc-e4d03a4790d7	True	True	False	2023-06-09 00:00:00.000
https://cfde-drc.s3.amazonaws.com/Kids First/C2M2/2024-04-03/KidsFirst_C2M2_2023-11-29_datapackage.zip	2024-04-03 15:06:22.483	False		65af85ae-82d5-5b81-bc66-6bddaa6420ce	True	False	True	2024-04-03 15:06:22.483
https://cfde-drc.s3.amazonaws.com/GlyGen/C2M2/2024-04-03/GlyGen_C2M2_datapackage_2024-03-14.zip	2024-04-03 15:11:37.063	False		e31052b0-ac50-5ede-9828-698ff3610427	True	True	False	2024-04-03 15:11:37.063
https://cfde-drc.s3.amazonaws.com/LINCS/KG Assertions/2024-04-29/LINCS.zip	2024-04-29 20:06:50.101	False		f3f490cf-fd69-579c-8ea3-472c7cf3fb59	True	False	True	2024-04-29 20:06:50.101
https://cfde-drc.s3.amazonaws.com/MoTrPAC/C2M2/2023-03-10/MoTrPAC_C2M2_2023-03-10_datapackage.zip	2023-03-10 00:00:00.000	False		a9aeab22-4fbc-5329-aef6-21110f463c23	True	True	False	2023-03-10 00:00:00.000
https://cfde-drc.s3.amazonaws.com/MoTrPAC/C2M2/2024-04-03/MoTrPAC_C2M2_2023-11-15_datapackage.zip	2024-04-03 15:06:46.991	False		a9aeab22-4fbc-5329-aef6-21110f463c23	True	False	False	2024-04-03 15:06:46.991
https://cfde-drc.s3.amazonaws.com/Metabolomics/C2M2/2024-04-03/MW_C2M2_2023-12-08_datapackage.zip	2024-04-03 15:07:11.315	False		089d8d63-3364-526f-9706-80d62d0ec88c	True	False	False	2024-04-03 15:07:11.315
https://cfde-drc.s3.amazonaws.com/KidsFirst/C2M2/2023-04-03/KidsFirst_C2M2_2023-04-03_datapackage.zip	2023-04-03 00:00:00.000	False		65af85ae-82d5-5b81-bc66-6bddaa6420ce	True	True	False	2023-04-03 00:00:00.000
https://cfde-drc.s3.amazonaws.com/KidsFirst/C2M2/2023-06-09/KidsFirst_C2M2_2023-06-09_datapackage.zip	2023-06-09 00:00:00.000	False		65af85ae-82d5-5b81-bc66-6bddaa6420ce	True	True	False	2023-06-09 00:00:00.000
https://cfde-drc.s3.amazonaws.com/LINCS/C2M2/2021-03-24/LINCS_C2M2_2021-03-24_datapackage.zip	2021-03-24 00:00:00.000	False		f3f490cf-fd69-579c-8ea3-472c7cf3fb59	True	True	False	2021-03-24 00:00:00.000
https://cfde-drc.s3.amazonaws.com/LINCS/C2M2/2021-06-02/LINCS_C2M2_2021-06-02_datapackage.zip	2021-06-02 00:00:00.000	False		f3f490cf-fd69-579c-8ea3-472c7cf3fb59	True	True	False	2021-06-02 00:00:00.000
https://cfde-drc.s3.amazonaws.com/LINCS/C2M2/2021-09-29/LINCS_C2M2_2021-09-29_datapackage.zip	2021-09-29 00:00:00.000	False		f3f490cf-fd69-579c-8ea3-472c7cf3fb59	True	True	False	2021-09-29 00:00:00.000
https://cfde-drc.s3.amazonaws.com/LINCS/C2M2/2022-01-11/LINCS_C2M2_2022-01-11_datapackage.zip	2022-01-11 00:00:00.000	False		f3f490cf-fd69-579c-8ea3-472c7cf3fb59	True	True	False	2022-01-11 00:00:00.000
https://cfde-drc.s3.amazonaws.com/LINCS/C2M2/2022-04-14/LINCS_C2M2_2022-04-14_datapackage.zip	2022-04-14 00:00:00.000	False		f3f490cf-fd69-579c-8ea3-472c7cf3fb59	True	True	False	2022-04-14 00:00:00.000
https://cfde-drc.s3.amazonaws.com/LINCS/C2M2/2022-06-20/LINCS_C2M2_2022-06-20_datapackage.zip	2022-06-20 00:00:00.000	False		f3f490cf-fd69-579c-8ea3-472c7cf3fb59	True	True	False	2022-06-20 00:00:00.000
https://cfde-drc.s3.amazonaws.com/LINCS/C2M2/2022-09-14/LINCS_C2M2_2022-09-14_datapackage.zip	2022-09-14 00:00:00.000	False		f3f490cf-fd69-579c-8ea3-472c7cf3fb59	True	True	False	2022-09-14 00:00:00.000
https://cfde-drc.s3.amazonaws.com/LINCS/C2M2/2022-12-02/LINCS_C2M2_2022-12-02_datapackage.zip	2022-12-02 00:00:00.000	False		f3f490cf-fd69-579c-8ea3-472c7cf3fb59	True	True	False	2022-12-02 00:00:00.000
https://cfde-drc.s3.amazonaws.com/LINCS/C2M2/2023-03-21/LINCS_C2M2_2023-03-21_datapackage.zip	2023-03-21 00:00:00.000	False		f3f490cf-fd69-579c-8ea3-472c7cf3fb59	True	True	False	2023-03-21 00:00:00.000
https://cfde-drc.s3.amazonaws.com/LINCS/C2M2/2023-06-15/LINCS_C2M2_2023-06-15_datapackage.zip	2023-06-15 00:00:00.000	False		f3f490cf-fd69-579c-8ea3-472c7cf3fb59	True	True	False	2023-06-15 00:00:00.000
https://cfde-drc.s3.amazonaws.com/LINCS/C2M2/2023-09-18/LINCS_C2M2_2023-09-18_datapackage.zip	2023-09-18 00:00:00.000	True		f3f490cf-fd69-579c-8ea3-472c7cf3fb59	True	True	False	2023-09-18 00:00:00.000
https://cfde-drc.s3.amazonaws.com/MW/C2M2/2021-03-24/MW_C2M2_2021-03-24_datapackage.zip	2021-03-24 00:00:00.000	False		089d8d63-3364-526f-9706-80d62d0ec88c	True	True	False	2021-03-24 00:00:00.000
https://cfde-drc.s3.amazonaws.com/MW/C2M2/2021-06-10/MW_C2M2_2021-06-10_datapackage.zip	2021-06-10 00:00:00.000	False		089d8d63-3364-526f-9706-80d62d0ec88c	True	True	False	2021-06-10 00:00:00.000
https://cfde-drc.s3.amazonaws.com/MW/C2M2/2021-08-18/MW_C2M2_2021-08-18_datapackage.zip	2021-08-18 00:00:00.000	False		089d8d63-3364-526f-9706-80d62d0ec88c	True	True	False	2021-08-18 00:00:00.000
https://cfde-drc.s3.amazonaws.com/MW/C2M2/2021-10-15/MW_C2M2_2021-10-15_datapackage.zip	2021-10-15 00:00:00.000	False		089d8d63-3364-526f-9706-80d62d0ec88c	True	True	False	2021-10-15 00:00:00.000
https://cfde-drc.s3.amazonaws.com/MW/C2M2/2022-01-12/MW_C2M2_2022-01-12_datapackage.zip	2022-01-12 00:00:00.000	False		089d8d63-3364-526f-9706-80d62d0ec88c	True	True	False	2022-01-12 00:00:00.000
https://cfde-drc.s3.amazonaws.com/MW/C2M2/2022-04-15/MW_C2M2_2022-04-15_datapackage.zip	2022-04-15 00:00:00.000	False		089d8d63-3364-526f-9706-80d62d0ec88c	True	True	False	2022-04-15 00:00:00.000
https://cfde-drc.s3.amazonaws.com/KidsFirst/C2M2/2023-09-14/KidsFirst_C2M2_2023-09-14_datapackage.zip	2023-09-14 00:00:00.000	False		65af85ae-82d5-5b81-bc66-6bddaa6420ce	True	True	False	2023-09-14 00:00:00.000
https://cfde-drc.s3.amazonaws.com/LINCS/XMT/2022-06-06/LINCS_XMT_2022-06-06_LINCS_L1000_Ligand_Perturbations_up.gmt	2022-06-06 00:00:00.000	False		f3f490cf-fd69-579c-8ea3-472c7cf3fb59	True	True	False	2022-06-06 00:00:00.000
https://cfde-drc.s3.amazonaws.com/LINCS/XMT/2022-06-06/LINCS_XMT_2022-06-06_LINCS_L1000_Chem_Pert_up.gmt	2022-06-06 00:00:00.000	False		f3f490cf-fd69-579c-8ea3-472c7cf3fb59	True	True	False	2022-06-06 00:00:00.000
https://cfde-drc.s3.amazonaws.com/LINCS/XMT/2022-06-06/LINCS_XMT_2022-06-06_LINCS_L1000_Ligand_Perturbations_down.gmt	2022-06-06 00:00:00.000	False		f3f490cf-fd69-579c-8ea3-472c7cf3fb59	True	True	False	2022-06-06 00:00:00.000
https://cfde-drc.s3.amazonaws.com/Kids First/C2M2/2024-04-03/KidsFirst_C2M2_datapackage_2024-03-10.zip	2024-04-03 14:37:33.422	True		65af85ae-82d5-5b81-bc66-6bddaa6420ce	True	False	True	2024-04-03 14:37:33.422
https://cfde-drc.s3.amazonaws.com/IDG/XMT/2022-12-13/IDG_XMT_2022-12-13_IDG_Drug_Targets_2022.gmt	2022-12-13 00:00:00.000	True		a1289ebb-0306-59a1-b0fc-e4d03a4790d7	True	True	False	2022-12-13 00:00:00.000
https://cfde-drc.s3.amazonaws.com/SPARC/C2M2/2022-06-24/SPARC_C2M2_2022-06-24_datapackage.zip	2022-06-24 00:00:00.000	False		2399794e-74c6-5735-a039-0782cdeeb1e2	True	True	True	2022-06-24 00:00:00.000
https://cfde-drc.s3.amazonaws.com/SPARC/C2M2/2023-01-10/SPARC_C2M2_2023-01-10_datapackage.zip	2023-01-10 00:00:00.000	False		2399794e-74c6-5735-a039-0782cdeeb1e2	True	True	True	2023-01-10 00:00:00.000
https://cfde-drc.s3.amazonaws.com/GlyGen/C2M2/2024-04-03/GlyGen_C2M2_2023-12-14_datapackage.zip	2024-04-03 15:08:11.204	False		e31052b0-ac50-5ede-9828-698ff3610427	True	False	False	2024-04-03 15:08:11.204
https://cfde-drc.s3.amazonaws.com/MW/C2M2/2022-06-10/MW_C2M2_2022-06-10_datapackage.zip	2022-06-10 00:00:00.000	False		089d8d63-3364-526f-9706-80d62d0ec88c	True	True	False	2022-06-10 00:00:00.000
https://cfde-drc.s3.amazonaws.com/MW/C2M2/2022-09-09/MW_C2M2_2022-09-09_datapackage.zip	2022-09-09 00:00:00.000	False		089d8d63-3364-526f-9706-80d62d0ec88c	True	True	False	2022-09-09 00:00:00.000
https://cfde-drc.s3.amazonaws.com/MW/C2M2/2022-12-21/MW_C2M2_2022-12-21_datapackage.zip	2022-12-21 00:00:00.000	False		089d8d63-3364-526f-9706-80d62d0ec88c	True	True	False	2022-12-21 00:00:00.000
https://cfde-drc.s3.amazonaws.com/MW/C2M2/2023-03-09/MW_C2M2_2023-03-09_datapackage.zip	2023-03-09 00:00:00.000	False		089d8d63-3364-526f-9706-80d62d0ec88c	True	True	False	2023-03-09 00:00:00.000
https://cfde-drc.s3.amazonaws.com/IDG/KG/2023-10-26/IDG_KG_2023-10-26_IDG.edges.csv	2023-10-26 00:00:00.000	False		a1289ebb-0306-59a1-b0fc-e4d03a4790d7	True	False	False	2023-10-26 00:00:00.000
https://ga4gh-rnaseq.github.io/schema/docs/index.html	2023-04-20 00:00:00.000	True		b3028db2-209c-5862-8f4d-33c5b312332e	True	False	False	2023-04-20 00:00:00.000
https://gtexportal.org/api/v2/redoc#tag/GTEx-Portal-API-Info	2023-10-01 00:00:00.000	True		b3028db2-209c-5862-8f4d-33c5b312332e	True	False	False	2023-10-01 00:00:00.000
https://cfde-drc.s3.amazonaws.com/MW/KG/2023-10-26/MW_KG_2023-10-26_MW.edges.csv	2023-10-26 00:00:00.000	False		089d8d63-3364-526f-9706-80d62d0ec88c	True	False	False	2023-10-26 00:00:00.000
https://cfde-drc.s3.amazonaws.com/MW/C2M2/2023-06-07/MW_C2M2_2023-06-07_datapackage.zip	2023-06-07 00:00:00.000	False		089d8d63-3364-526f-9706-80d62d0ec88c	True	True	False	2023-06-07 00:00:00.000
https://cfde-drc.s3.amazonaws.com/MoTrPAC/C2M2/2023-06-14/MoTrPAC_C2M2_2023-06-14_datapackage.zip	2023-06-14 00:00:00.000	False		a9aeab22-4fbc-5329-aef6-21110f463c23	True	True	False	2023-06-14 00:00:00.000
https://cfde-drc.s3.amazonaws.com/MoTrPAC/C2M2/2023-07-14/MoTrPAC_C2M2_2023-07-14_datapackage.zip	2023-07-14 00:00:00.000	False		a9aeab22-4fbc-5329-aef6-21110f463c23	True	True	False	2023-07-14 00:00:00.000
https://cfde-drc.s3.amazonaws.com/GTEx/XMT/2023-03-10/GTEx_XMT_2023-03-10_GTEx_Tissues_V8_2023.gmt	2023-03-10 00:00:00.000	True		b3028db2-209c-5862-8f4d-33c5b312332e	True	False	False	2023-03-10 00:00:00.000
https://cfde-drc.s3.amazonaws.com/GTEx/XMT/2019-09-09/GTEx_XMT_2019-09-09_GTEx_Tissue_Expression_Down.gmt	2019-09-09 00:00:00.000	False		b3028db2-209c-5862-8f4d-33c5b312332e	True	False	False	2019-09-09 00:00:00.000
https://cfde-drc.s3.amazonaws.com/GTEx/XMT/2019-09-09/GTEx_XMT_2019-09-09_GTEx_Tissue_Expression_Up.gmt	2019-09-09 00:00:00.000	False		b3028db2-209c-5862-8f4d-33c5b312332e	True	False	False	2019-09-09 00:00:00.000
https://cfde-drc.s3.amazonaws.com/GTEx/XMT/2022-06-06/GTEx_XMT_2022-06-06_GTEx_Aging_Signatures_2021.gmt	2022-06-06 00:00:00.000	True		b3028db2-209c-5862-8f4d-33c5b312332e	True	False	False	2022-06-06 00:00:00.000
https://cfde-drc.s3.amazonaws.com/GlyGen/XMT/2022-12-13/GlyGen_XMT_2022-12-13_GlyGen_Glycosylated_Proteins_2022.gmt	2022-12-13 00:00:00.000	True		e31052b0-ac50-5ede-9828-698ff3610427	True	False	False	2022-12-13 00:00:00.000
https://cfde-drc.s3.amazonaws.com/IDG/XMT/2022-06-06/IDG_XMT_2022-06-06_ARCHS4_IDG_Coexp.gmt	2022-06-06 00:00:00.000	True		a1289ebb-0306-59a1-b0fc-e4d03a4790d7	True	False	False	2022-06-06 00:00:00.000
https://cfde-drc.s3.amazonaws.com/IDG/XMT/2020-03-10/IDG_XMT_2020-03-10_DrugCentral_Target.dmt	2020-03-10 00:00:00.000	True		a1289ebb-0306-59a1-b0fc-e4d03a4790d7	True	False	False	2020-03-10 00:00:00.000
https://cfde-drc.s3.amazonaws.com/MW/XMT/2022-12-13/MW_XMT_2022-12-13_Metabolomics_Workbench_Metabolites_2022.gmt	2022-12-13 00:00:00.000	True		089d8d63-3364-526f-9706-80d62d0ec88c	True	True	False	2022-12-13 00:00:00.000
https://cfde-drc.s3.amazonaws.com/KOMP2/XMT/2022-12-13/KOMP2_XMT_2022-12-13_KOMP2_Mouse_Phenotypes_2022.gmt	2022-12-13 00:00:00.000	True		830ddbac-bf21-5612-af1a-75c713045299	True	False	False	2022-12-13 00:00:00.000
https://cfde-drc.s3.amazonaws.com/LINCS/KG/2023-10-26/LINCS_KG_2023-10-26_LINCS.edges.csv	2023-10-26 00:00:00.000	False		f3f490cf-fd69-579c-8ea3-472c7cf3fb59	True	True	False	2023-10-26 00:00:00.000
https://cfde-drc.s3.amazonaws.com/ERCC/KG/2023-10-26/ERCC_KG_2023-10-26_ERCC.edges.csv	2023-10-26 00:00:00.000	False		f65babf7-2875-5725-9635-210d654533f1	True	False	False	2023-10-26 00:00:00.000
https://cfde-drc.s3.amazonaws.com/KidsFirst/KG/2023-10-26/KidsFirst_KG_2023-10-26_KF.edges.csv	2023-10-26 00:00:00.000	False		65af85ae-82d5-5b81-bc66-6bddaa6420ce	True	False	False	2023-10-26 00:00:00.000
https://cfde-drc.s3.amazonaws.com/GlyGen/KG/2023-10-26/GlyGen_KG_2023-10-26_GLYGEN.edges.csv	2023-10-26 00:00:00.000	False		e31052b0-ac50-5ede-9828-698ff3610427	True	False	False	2023-10-26 00:00:00.000
https://cfde-drc.s3.amazonaws.com/MW/C2M2/2023-09-08/MW_C2M2_2023-09-08_datapackage.zip	2023-09-08 00:00:00.000	False		089d8d63-3364-526f-9706-80d62d0ec88c	True	True	False	2023-09-08 00:00:00.000
https://cfde-drc.s3.amazonaws.com/MoTrPAC/C2M2/2023-09-12/MoTrPAC_C2M2_2023-09-12_datapackage.zip	2023-09-12 00:00:00.000	False		a9aeab22-4fbc-5329-aef6-21110f463c23	True	True	False	2023-09-12 00:00:00.000
https://cfde-drc.s3.amazonaws.com/LINCS/XMT/2022-12-13/LINCS_XMT_2022-12-13_LINCS_L1000_CRISPR_KO_Consensus_Sigs.gmt	2022-12-13 00:00:00.000	True		f3f490cf-fd69-579c-8ea3-472c7cf3fb59	True	True	False	2022-12-13 00:00:00.000
https://cfde-drc.s3.amazonaws.com/LINCS/XMT/2022-12-13/LINCS_XMT_2022-12-13_LINCS_L1000_Chem_Pert_Consensus_Sigs.gmt	2022-12-13 00:00:00.000	True		f3f490cf-fd69-579c-8ea3-472c7cf3fb59	True	True	False	2022-12-13 00:00:00.000
https://cfde-drc.s3.amazonaws.com/LINCS/XMT/2022-06-06/LINCS_XMT_2022-06-06_LINCS_L1000_Chem_Pert_down.gmt	2022-06-06 00:00:00.000	False		f3f490cf-fd69-579c-8ea3-472c7cf3fb59	True	True	False	2022-06-06 00:00:00.000
https://cfde-drc.s3.amazonaws.com/GTEx/KG/2023-10-26/GTEx_KG_2023-10-26_GTEX.edges.csv	2023-10-26 00:00:00.000	False		b3028db2-209c-5862-8f4d-33c5b312332e	True	False	False	2023-10-26 00:00:00.000
https://cfde-drc.s3.amazonaws.com/SPARC/C2M2/2021-08-20/SPARC_C2M2_2021-08-20_datapackage.zip	2021-08-20 00:00:00.000	False		2399794e-74c6-5735-a039-0782cdeeb1e2	True	True	True	2021-08-20 00:00:00.000
https://cfde-drc.s3.amazonaws.com/SPARC/C2M2/2022-01-15/SPARC_C2M2_2022-01-15_datapackage.zip	2022-01-15 00:00:00.000	False		2399794e-74c6-5735-a039-0782cdeeb1e2	True	True	True	2022-01-15 00:00:00.000
https://cfde-drc.s3.amazonaws.com/SPARC/C2M2/2022-04-16/SPARC_C2M2_2022-04-16_datapackage.zip	2022-04-16 00:00:00.000	False		2399794e-74c6-5735-a039-0782cdeeb1e2	True	True	True	2022-04-16 00:00:00.000
https://cfde-drc.s3.amazonaws.com/SPARC/C2M2/2022-09-17/SPARC_C2M2_2022-09-17_datapackage.zip	2022-09-17 00:00:00.000	False		2399794e-74c6-5735-a039-0782cdeeb1e2	True	True	True	2022-09-17 00:00:00.000
https://cfde-drc.s3.amazonaws.com/SPARC/C2M2/2023-06-16/SPARC_C2M2_2023-06-16_datapackage.zip	2023-06-16 00:00:00.000	False		2399794e-74c6-5735-a039-0782cdeeb1e2	True	True	True	2023-06-16 00:00:00.000
https://cfde-drc.s3.amazonaws.com/SPARC/C2M2/2023-09-18/SPARC_C2M2_2023-09-18_datapackage.zip	2023-09-18 00:00:00.000	True		2399794e-74c6-5735-a039-0782cdeeb1e2	True	True	True	2023-09-18 00:00:00.000
https://cfde-drc.s3.amazonaws.com/SPARC/C2M2/2021-06-10/SPARC_C2M2_2021-06-10_datapackage.zip	2021-06-10 00:00:00.000	False		2399794e-74c6-5735-a039-0782cdeeb1e2	True	True	True	2021-06-10 00:00:00.000
https://cfde-drc.s3.amazonaws.com/4DN/KG/2023-10-26/4DN_KG_2023-10-26_4DN.edges.csv	2023-10-26 00:00:00.000	False		d6bb00c3-7224-5001-b9c5-9838622fba40	True	False	False	2023-10-26 00:00:00.000
https://cfde-drc.s3.amazonaws.com/MoTrPAC/KG/2023-10-26/MoTrPAC_KG_2023-10-26_MOTORPAC.edges.csv	2023-10-26 00:00:00.000	False		a9aeab22-4fbc-5329-aef6-21110f463c23	True	False	False	2023-10-26 00:00:00.000
https://smart-api.info/ui/b8399f43cd71264faca4d798c793aa30	2023-02-03 00:00:00.000	True		a1289ebb-0306-59a1-b0fc-e4d03a4790d7	True	True	False	2023-02-03 00:00:00.000
https://biocomputeobject.org/api/docs/	2023-10-17 00:00:00.000	True		e31052b0-ac50-5ede-9828-698ff3610427	True	False	False	2023-10-17 00:00:00.000
https://brl-bcm.stoplight.io/docs/exrna-atlas-json-api/ZG9jOjQ1Mg-overview	2019-02-20 00:00:00.000	True		f65babf7-2875-5725-9635-210d654533f1	True	False	False	2019-02-20 00:00:00.000
https://reg.clinicalgenome.org/doc/	2019-08-29 00:00:00.000	True		f65babf7-2875-5725-9635-210d654533f1	True	False	False	2019-08-29 00:00:00.000
https://ldh.clinicalgenome.org/ldh/ui/api-docs	2019-09-05 00:00:00.000	True		f65babf7-2875-5725-9635-210d654533f1	True	False	False	2019-09-05 00:00:00.000
https://github.com/nih-cfde/playbook-partnership/blob/main/components/service/variantinfo/index.tsx	2023-10-19 00:00:00.000	True		f65babf7-2875-5725-9635-210d654533f1	True	False	False	2023-10-19 00:00:00.000
https://github.com/nih-cfde/playbook-partnership/blob/main/components/MW/MetENP_on_MetSet/index.tsx	2023-09-15 00:00:00.000	True		089d8d63-3364-526f-9706-80d62d0ec88c	True	True	False	2023-09-15 00:00:00.000
https://github.com/nih-cfde/playbook-partnership/blob/main/components/MW/metabolite_summary/index.tsx	2023-09-15 00:00:00.000	True		089d8d63-3364-526f-9706-80d62d0ec88c	True	True	False	2023-09-15 00:00:00.000
https://github.com/nih-cfde/playbook-partnership/blob/main/components/MW/metaboliteInfo/index.tsx	2023-09-15 00:00:00.000	True		089d8d63-3364-526f-9706-80d62d0ec88c	True	True	False	2023-09-15 00:00:00.000
https://github.com/nih-cfde/playbook-partnership/blob/main/components/MW/metgene_metabolite_table/index.tsx	2023-09-15 00:00:00.000	True		089d8d63-3364-526f-9706-80d62d0ec88c	True	True	False	2023-09-15 00:00:00.000
https://github.com/nih-cfde/playbook-partnership/blob/main/components/MW/PPI_StringDB/index.tsx	2023-07-31 00:00:00.000	True		089d8d63-3364-526f-9706-80d62d0ec88c	True	True	False	2023-07-31 00:00:00.000
https://github.com/nih-cfde/playbook-partnership/blob/main/components/MW/metgene_studies/index.tsx	2023-07-31 00:00:00.000	True		089d8d63-3364-526f-9706-80d62d0ec88c	True	True	False	2023-07-31 00:00:00.000
https://github.com/nih-cfde/playbook-partnership/blob/main/components/MW/ConvertedGeneID/index.tsx	2023-07-28 00:00:00.000	True		089d8d63-3364-526f-9706-80d62d0ec88c	True	True	False	2023-07-28 00:00:00.000
https://github.com/nih-cfde/playbook-partnership/blob/main/components/MW/geneidconv/index.tsx	2023-07-28 00:00:00.000	True		089d8d63-3364-526f-9706-80d62d0ec88c	True	True	False	2023-07-28 00:00:00.000
https://github.com/nih-cfde/playbook-partnership/blob/main/components/MW/metgene_rxns/index.tsx	2023-07-28 00:00:00.000	True		089d8d63-3364-526f-9706-80d62d0ec88c	True	True	False	2023-07-28 00:00:00.000
https://github.com/nih-cfde/playbook-partnership/blob/main/components/MW/metgene_summary_table/index.tsx	2023-05-04 00:00:00.000	True		089d8d63-3364-526f-9706-80d62d0ec88c	True	True	False	2023-05-04 00:00:00.000
https://github.com/nih-cfde/playbook-partnership/blob/main/components/MW/metgene_summary/index.tsx	2023-04-06 00:00:00.000	True		089d8d63-3364-526f-9706-80d62d0ec88c	True	True	False	2023-04-06 00:00:00.000
https://github.com/nih-cfde/playbook-partnership/blob/main/components/MW/metgene_study_table/index.tsx	2023-04-06 00:00:00.000	True		089d8d63-3364-526f-9706-80d62d0ec88c	True	True	False	2023-04-06 00:00:00.000
https://smart-api.info/ui/e712b9eb07e637a00ae468f757ce2a1f	2022-06-14 00:00:00.000	True		089d8d63-3364-526f-9706-80d62d0ec88c	True	True	False	2022-06-14 00:00:00.000
https://smart-api.info/ui/342e4cec92030d74efd84b61650fb0ea	2022-06-10 00:00:00.000	True		089d8d63-3364-526f-9706-80d62d0ec88c	True	True	False	2022-06-10 00:00:00.000
https://models.physiomeproject.org/e/cd9/BG_NDCBE.cellml/view	2025-06-06 17:42:34.889	True		2399794e-74c6-5735-a039-0782cdeeb1e2	True	True	False	2025-06-06 17:42:34.889
https://github.com/jiaweixu98/cm4ai-teaming-recommendation	2024-07-18 03:21:02.265	True		75b3be39-a021-5d80-b7e2-2a7938a1e11a	True	False	False	2024-07-18 03:21:02.265
https://cfde-drc.s3.amazonaws.com/SPARC/KG Assertions/2024-05-08/SPARC.zip	2024-05-08 15:47:03.429	True		2399794e-74c6-5735-a039-0782cdeeb1e2	True	True	True	2024-05-08 15:47:03.429
https://cfde-drc.s3.amazonaws.com/Metabolomics/C2M2/2025-03-15/MW_submission_packet_20250314.zip	2025-03-15 02:48:57.148	True		089d8d63-3364-526f-9706-80d62d0ec88c	False	False	True	2025-03-15 02:48:57.148
https://models.physiomeproject.org/e/cca/BG_Ks.cellml/view	2025-06-06 17:43:30.070	True		2399794e-74c6-5735-a039-0782cdeeb1e2	True	True	False	2025-06-06 17:43:30.070
https://models.physiomeproject.org/e/cc4/BG_KACh.cellml/view	2025-06-06 18:05:13.201	True		2399794e-74c6-5735-a039-0782cdeeb1e2	True	True	False	2025-06-06 17:39:37.552
https://cfde-drc.s3.amazonaws.com/ExRNA/C2M2/2025-10-28/exRNA_CFDE_102025.zip	2025-10-28 16:00:29.148	True		f65babf7-2875-5725-9635-210d654533f1	True	True	False	2025-10-28 16:00:29.148
https://cfde-drc.s3.amazonaws.com/SCGE/C2M2/2025-07-08/C2M2.zip	2025-07-08 17:37:47.114	True		38468653-8c59-5fdb-b6ca-afa16d9c5c1e	False	False	True	2025-07-08 17:37:47.114
https://cfde-drc.s3.amazonaws.com/SCGE/C2M2/2025-07-17/C2M2-1.zip	2025-07-17 17:28:20.453	True		38468653-8c59-5fdb-b6ca-afa16d9c5c1e	False	False	True	2025-07-17 17:28:20.453
https://cfde-drc.s3.amazonaws.com/4DN/C2M2/2025-06-16/250616_c2m2_4dn_sub.zip	2025-06-16 20:38:02.343	False		d6bb00c3-7224-5001-b9c5-9838622fba40	True	True	False	2025-06-16 20:38:02.343
https://models.physiomeproject.org/e/cd8/BG_NBCe1.cellml/view	2025-06-06 17:32:59.169	True		2399794e-74c6-5735-a039-0782cdeeb1e2	True	True	False	2025-06-06 17:32:59.169
https://models.physiomeproject.org/e/cbf/BG_CaL.cellml/view	2025-06-06 17:33:22.821	True		2399794e-74c6-5735-a039-0782cdeeb1e2	True	True	False	2025-06-06 17:33:22.821
https://models.physiomeproject.org/e/d23/BG_NCE.cellml/view	2025-06-06 17:34:02.731	True		2399794e-74c6-5735-a039-0782cdeeb1e2	True	True	False	2025-06-06 17:34:02.731
https://models.physiomeproject.org/e/d25/NKE_pump_BG_4states.cellml/view	2025-06-06 17:34:17.973	True		2399794e-74c6-5735-a039-0782cdeeb1e2	True	True	False	2025-06-06 17:34:17.973
https://models.physiomeproject.org/e/ccc/BG_PMCA.cellml/view	2025-06-06 17:40:22.060	True		2399794e-74c6-5735-a039-0782cdeeb1e2	True	True	False	2025-06-06 17:40:22.060
https://models.physiomeproject.org/e/cf2/BG_PKA.cellml/view	2025-06-06 17:41:28.260	True		2399794e-74c6-5735-a039-0782cdeeb1e2	True	True	False	2025-06-06 17:41:28.260
https://cfde-drc.s3.amazonaws.com/ExRNA/C2M2/2025-06-17/CFDE_20250612_v2.zip	2025-06-17 19:20:06.965	False		f65babf7-2875-5725-9635-210d654533f1	True	True	False	2025-06-17 19:20:06.965
https://cfde-drc.s3.amazonaws.com/LINCS/XMT/2025-09-19/test.gmt	2025-09-19 17:50:30.652	True		f3f490cf-fd69-579c-8ea3-472c7cf3fb59	False	False	True	2025-09-19 17:50:30.652
https://cfde-drc.s3.amazonaws.com/LINCS/XMT/2025-09-19/test_file_upload.gmt	2025-09-19 17:51:06.962	True		f3f490cf-fd69-579c-8ea3-472c7cf3fb59	False	False	True	2025-09-19 17:51:06.962
https://cfde-drc.s3.amazonaws.com/SCGE/C2M2/2025-10-16/scge_c2m2_submission_20251016_101408.zip	2025-10-16 15:39:25.755	True		38468653-8c59-5fdb-b6ca-afa16d9c5c1e	False	False	True	2025-10-16 15:39:25.755
https://cfde-drc.s3.amazonaws.com/SenNet/C2M2/2025-09-16/SenNet_C2M2_Fall_2025.zip	2025-09-16 21:17:11.848	False		dd66e8a5-0e05-5a43-a0ca-18cc3698bb36	True	True	False	2025-09-16 21:17:11.848
https://cfde-drc.s3.amazonaws.com/SPARC/C2M2/2024-06-15/c2m2_2024JUN15_submit.zip	2024-06-15 22:50:35.958	False		2399794e-74c6-5735-a039-0782cdeeb1e2	True	True	True	2024-06-15 22:50:35.958
https://cfde-drc.s3.amazonaws.com/HuBMAP/C2M2/2025-09-15/HuBMAP_C2M2_Fall_2025.zip	2025-09-15 17:48:21.199	False		803ad44d-e7a2-550a-95c6-57855bf06be8	True	True	False	2025-09-15 17:48:21.199
https://cfde-drc.s3.amazonaws.com/Bridge2AI/KG Assertions/2024-08-03/Asset_Description-Bridge2AI_CM4AI_Talent_Knowledge_Graph_TKG_v2.pdf	2024-08-03 09:29:32.620	True		75b3be39-a021-5d80-b7e2-2a7938a1e11a	False	False	True	2024-08-03 09:29:32.620
https://cfde-drc.s3.amazonaws.com/Bridge2AI/KG Assertions/2024-03-01/tkg 2.0.zip	2024-03-01 05:45:05.879	False		75b3be39-a021-5d80-b7e2-2a7938a1e11a	False	False	False	2024-03-01 05:45:05.879
https://cfde-drc.s3.amazonaws.com/Bridge2AI/KG Assertions/2024-08-03/Bridge2AI_CM4AI_Talent_Knowledge_Graph_TKG_v2_202402.zip	2024-08-03 09:43:53.326	True		75b3be39-a021-5d80-b7e2-2a7938a1e11a	False	False	False	2024-08-03 09:43:53.326
https://cfde-drc.s3.amazonaws.com/4DN/C2M2/2024-12-05/241204_c2m2_4dn_submission.zip	2024-12-05 00:19:13.804	False		d6bb00c3-7224-5001-b9c5-9838622fba40	True	True	False	2024-12-05 00:19:13.804
https://cfde-drc.s3.amazonaws.com/LINCS/XMT/2024-12-11/rummageo_gene_perturbations.gmt	2024-12-11 18:10:59.930	False		f3f490cf-fd69-579c-8ea3-472c7cf3fb59	True	True	True	2024-12-11 18:10:59.930
https://cfde-drc.s3.amazonaws.com/Metabolomics/C2M2/2024-09-11/MW_submission_packet_20240906.zip	2024-09-11 17:30:21.042	False		089d8d63-3364-526f-9706-80d62d0ec88c	True	True	False	2024-09-11 17:30:21.042
https://cfde-drc.s3.amazonaws.com/GlyGen/C2M2/2024-09-16/data.zip	2024-09-16 19:43:31.396	True		e31052b0-ac50-5ede-9828-698ff3610427	False	True	True	2024-09-16 19:43:31.396
https://cfde-drc.s3.amazonaws.com/KidsFirst/C2M2/2024-09-17/20240821_frictionless.zip	2024-09-17 21:07:19.620	False		65af85ae-82d5-5b81-bc66-6bddaa6420ce	True	True	False	2024-09-17 21:07:19.620
https://huggingface.co/maayanlab/gsfm	2025-06-25 14:46:17.746	True		f3f490cf-fd69-579c-8ea3-472c7cf3fb59	True	True	False	2025-06-25 14:46:17.746
https://github.com/MaayanLab/LINCS-metadata/tree/main/scripts	2024-11-23 21:30:17.948	True		f3f490cf-fd69-579c-8ea3-472c7cf3fb59	True	True	False	2024-11-23 21:26:04.807
https://cfde-drc.s3.amazonaws.com/ExRNA/XMT/2024-09-23/RBP_Unique_Loci.zip	2024-09-23 16:02:20.328	True		f65babf7-2875-5725-9635-210d654533f1	False	True	True	2024-09-23 16:02:20.328
https://fairshake.cloud	2024-09-24 22:24:48.335	True		f3f490cf-fd69-579c-8ea3-472c7cf3fb59	False	False	True	2024-09-24 22:24:48.335
https://cfde-drc.s3.amazonaws.com/SenNet/C2M2/2024-12-16/Visium_(no_probes)-aggregate-fixed.zip	2024-12-16 22:38:56.584	False		dd66e8a5-0e05-5a43-a0ca-18cc3698bb36	True	True	False	2024-12-16 22:38:56.584
https://cfde-drc.s3.amazonaws.com/4DN/C2M2/2024-06-05/240605_c2m2_4dn_submission.zip	2024-06-05 20:34:20.286	False		d6bb00c3-7224-5001-b9c5-9838622fba40	True	True	False	2024-06-05 20:34:20.286
https://cfde-drc.s3.amazonaws.com/SCGE/C2M2/2025-07-08/scge_c2m2.zip	2025-07-08 18:16:13.675	True		38468653-8c59-5fdb-b6ca-afa16d9c5c1e	False	False	True	2025-07-08 18:16:13.675
https://cfde-drc.s3.amazonaws.com/LINCS/XMT/2024-09-14/LINCS_L1000_Consensus_Median_Signatures.gmt	2024-09-14 03:01:01.053	True		f3f490cf-fd69-579c-8ea3-472c7cf3fb59	True	True	False	2024-09-14 03:01:01.053
https://cfde-drc.s3.amazonaws.com/ExRNA/XMT/2024-09-24/RBP_unique_loci_in_biofluids.rbpmt	2024-09-24 17:21:37.515	False		f65babf7-2875-5725-9635-210d654533f1	False	True	False	2024-09-24 17:21:37.515
https://cfde-drc.s3.amazonaws.com/ExRNA/XMT/2024-09-25/RBP_unique_loci_in_biofluids.rbpmt	2024-09-25 14:39:20.448	True		f65babf7-2875-5725-9635-210d654533f1	True	True	False	2024-09-25 14:39:20.448
https://github.com/MaayanLab/LINCS-metadata	2024-11-25 23:00:10.211	True		f3f490cf-fd69-579c-8ea3-472c7cf3fb59	False	True	True	2024-11-23 21:09:38.796
https://ldh.genome.network/cfde/ldh/Gene/id/	2024-10-03 18:43:55.752	True		f65babf7-2875-5725-9635-210d654533f1	False	False	True	2024-10-03 18:43:55.752
https://cfde-drc.s3.amazonaws.com/LINCS/XMT/2024-10-07/HMS_LINCS_KinomeScan.gmt	2024-10-07 16:05:30.208	True		f3f490cf-fd69-579c-8ea3-472c7cf3fb59	False	False	True	2024-10-07 16:05:30.208
https://ldh.genome.network/cfde/ldh/Gene/id/{GENE_NAME}	2024-10-03 20:10:23.832	True		f65babf7-2875-5725-9635-210d654533f1	True	False	False	2024-10-03 20:10:23.832
https://github.com/idekerlab/cellmaps_utils/tree/c2m2/cellmaps_utils	2024-12-09 16:59:07.035	True		75b3be39-a021-5d80-b7e2-2a7938a1e11a	False	False	False	2024-12-09 16:59:07.035
https://cfde-drc.s3.amazonaws.com/HuBMAP/C2M2/2024-07-03/submission_validated.zip	2024-07-03 18:51:12.437	False		803ad44d-e7a2-550a-95c6-57855bf06be8	True	False	False	2024-07-03 18:51:12.437
https://github.com/nih-cfde/LINCS-metadata/blob/main/scripts/build_file_lincs2021.py	2021-06-23 00:00:00.000	False		f3f490cf-fd69-579c-8ea3-472c7cf3fb59	True	True	False	2021-06-23 00:00:00.000
https://cfde-drc.s3.amazonaws.com/Bridge2AI/KG Assertions/2024-08-03/Asset_Description-Bridge2AI_CM4AI_Talent_Knowledge_Graph_TKG_v2_202402.pdf	2024-08-03 09:44:39.385	True		75b3be39-a021-5d80-b7e2-2a7938a1e11a	False	False	False	2024-08-03 09:44:39.385
https://cfde-drc.s3.amazonaws.com/SCGE/C2M2/2025-07-17/C2M2-2.zip	2025-07-17 18:32:50.099	True		38468653-8c59-5fdb-b6ca-afa16d9c5c1e	False	False	True	2025-07-17 18:32:50.099
https://cfde-drc.s3.amazonaws.com/SenNet/C2M2/2024-12-16/20241202-submission-fixup.zip	2024-12-16 21:14:01.888	True		dd66e8a5-0e05-5a43-a0ca-18cc3698bb36	False	False	True	2024-12-16 21:14:01.888
https://cfde-drc.s3.amazonaws.com/HuBMAP/C2M2/2024-12-04/20241202-submission.zip	2024-12-04 20:43:20.793	False		803ad44d-e7a2-550a-95c6-57855bf06be8	True	True	False	2024-12-04 20:43:20.793
https://cfde-drc.s3.amazonaws.com/4DN/C2M2/2024-09-05/240905_c2m2_4dn_sub .zip	2024-09-05 18:19:36.084	False		d6bb00c3-7224-5001-b9c5-9838622fba40	True	True	False	2024-09-05 18:19:36.084
https://cfde-drc.s3.amazonaws.com/LINCS/XMT/2024-12-11/l1000_cp.gmt	2024-12-11 18:14:21.181	True		f3f490cf-fd69-579c-8ea3-472c7cf3fb59	True	True	False	2024-12-11 18:14:21.181
https://cfde-drc.s3.amazonaws.com/Metabolomics/C2M2/2024-12-11/MW_submission_packet_20241211.zip	2024-12-11 23:54:36.860	False		089d8d63-3364-526f-9706-80d62d0ec88c	True	True	False	2024-12-11 23:54:36.860
https://cfde-drc.s3.amazonaws.com/GlyGen/C2M2/2024-12-06/data.zip	2024-12-06 15:20:19.574	False		e31052b0-ac50-5ede-9828-698ff3610427	True	False	False	2024-12-06 15:20:19.574
https://cfde-drc.s3.amazonaws.com/SPARC/C2M2/2024-09-17/c2m2_2024SEP16_submit.zip	2024-09-17 06:18:42.117	False		2399794e-74c6-5735-a039-0782cdeeb1e2	True	True	True	2024-09-17 06:18:42.117
https://cfde-drc.s3.amazonaws.com/GlyGen/C2M2/2024-09-17/data.zip	2024-09-17 14:21:33.561	False		e31052b0-ac50-5ede-9828-698ff3610427	True	True	False	2024-09-17 14:21:33.561
https://cfde-drc.s3.amazonaws.com/HuBMAP/C2M2/2024-12-16/HuBMAP_Dec_2024-fixed.zip	2024-12-16 23:49:04.967	False		803ad44d-e7a2-550a-95c6-57855bf06be8	True	True	False	2024-12-16 23:49:04.967
https://cfde-drc.s3.amazonaws.com/SenNet/C2M2/2024-12-16/Visium_(no_probes)-aggregate.zip	2024-12-16 15:09:53.185	False		dd66e8a5-0e05-5a43-a0ca-18cc3698bb36	False	False	True	2024-12-16 15:09:53.185
https://cfde-drc.s3.amazonaws.com/HuBMAP/C2M2/2024-12-16/HuBMAP_Dec_2024.zip	2024-12-16 21:16:20.457	False		803ad44d-e7a2-550a-95c6-57855bf06be8	False	False	False	2024-12-16 21:16:20.457
https://cfde-drc.s3.amazonaws.com/HuBMAP/C2M2/2024-12-16/HuBMAP_December_2024.zip	2024-12-16 21:37:18.926	False		803ad44d-e7a2-550a-95c6-57855bf06be8	False	True	False	2024-12-16 21:37:18.926
https://cfde-drc.s3.amazonaws.com/SenNet/C2M2/2024-12-16/Visium_no_probes-aggregate.zip	2024-12-16 15:12:47.388	False		dd66e8a5-0e05-5a43-a0ca-18cc3698bb36	False	True	False	2024-12-16 15:12:47.388
https://cfde-drc.s3.amazonaws.com/ExRNA/C2M2/2024-12-17/CFDE_20241216.zip	2024-12-17 05:49:56.287	False		f65babf7-2875-5725-9635-210d654533f1	False	False	True	2024-12-17 05:49:56.287
https://models.physiomeproject.org/e/ccf/BG_Kto.cellml/view	2025-06-06 17:44:51.494	True		2399794e-74c6-5735-a039-0782cdeeb1e2	True	True	False	2025-06-06 17:44:51.494
https://models.physiomeproject.org/e/cda/BG_H_pump.cellml/view	2025-06-06 17:45:14.280	True		2399794e-74c6-5735-a039-0782cdeeb1e2	True	True	False	2025-06-06 17:45:14.280
https://models.physiomeproject.org/e/d1c/BG_GPCR_B1AR_reduced.cellml/view	2025-06-06 18:01:12.972	True		2399794e-74c6-5735-a039-0782cdeeb1e2	True	True	False	2025-06-06 18:01:12.972
https://cfde-drc.s3.amazonaws.com/LINCS/XMT/2025-06-25/RummaGEO_DrugPerturbations_2025.gmt	2025-06-25 14:48:42.660	True		f3f490cf-fd69-579c-8ea3-472c7cf3fb59	True	True	False	2025-06-25 14:48:42.660
https://cfde-drc.s3.amazonaws.com/Bridge2AI/C2M2/2025-12-01/C2M2_datapackage.zip	2025-12-01 17:47:43.398	True		75b3be39-a021-5d80-b7e2-2a7938a1e11a	True	False	True	2025-12-01 17:47:43.398
https://cfde-drc.s3.amazonaws.com/Metabolomics/C2M2/2025-03-15/MW_submission_packet_20250314_c2.zip	2025-03-15 02:51:52.535	False		089d8d63-3364-526f-9706-80d62d0ec88c	True	True	False	2025-03-15 02:51:52.535
https://models.physiomeproject.org/e/d25/NKE_pump_BG_6states.cellml/view	2025-06-06 17:33:24.009	True		2399794e-74c6-5735-a039-0782cdeeb1e2	True	True	False	2025-06-06 17:33:24.009
https://models.physiomeproject.org/e/ccd/BG_RyR.cellml/view	2025-06-06 17:38:42.116	True		2399794e-74c6-5735-a039-0782cdeeb1e2	True	True	False	2025-06-06 17:38:42.116
https://models.physiomeproject.org/e/cf1/BG_CHE.cellml/view	2025-06-06 17:39:15.083	True		2399794e-74c6-5735-a039-0782cdeeb1e2	True	True	False	2025-06-06 17:39:15.083
https://models.physiomeproject.org/e/c90/BG_EAAT2.cellml/view	2025-06-06 17:40:19.434	True		2399794e-74c6-5735-a039-0782cdeeb1e2	True	True	False	2025-06-06 17:40:19.434
https://models.physiomeproject.org/e/d17/BG_PLB.cellml/view	2025-06-06 17:40:56.490	True		2399794e-74c6-5735-a039-0782cdeeb1e2	True	True	False	2025-06-06 17:40:56.490
https://cfde-drc.s3.amazonaws.com/GlyGen/C2M2/2025-07-09/glygen_data_june_2025_submission.zip	2025-07-09 14:17:43.500	False		e31052b0-ac50-5ede-9828-698ff3610427	False	True	False	2025-07-09 14:17:43.500
https://cfde-drc.s3.amazonaws.com/SCGE/C2M2/2025-07-17/C2M2-3.zip	2025-07-17 18:51:03.977	True		38468653-8c59-5fdb-b6ca-afa16d9c5c1e	False	False	True	2025-07-17 18:51:03.977
https://genboree.org/ldh/dss/exRNA/ns/exGL	2025-09-15 19:34:57.797	True		f65babf7-2875-5725-9635-210d654533f1	False	False	True	2025-09-15 19:34:57.797
https://cfde-drc.s3.amazonaws.com/Metabolomics/C2M2/2025-09-16/MW_submission_packet_20250916.zip	2025-09-16 22:21:59.654	True		089d8d63-3364-526f-9706-80d62d0ec88c	False	True	True	2025-09-16 22:21:59.654
https://cfde-drc.s3.amazonaws.com/SCGE/C2M2/2025-09-19/C2M2-10.zip	2025-09-19 19:03:15.199	True		38468653-8c59-5fdb-b6ca-afa16d9c5c1e	True	False	True	2025-09-19 19:03:15.199
https://cfde-drc.s3.amazonaws.com/SCGE/C2M2/2025-10-16/scge_c2m2_submission_20251016_111537.zip	2025-10-16 16:17:23.255	True		38468653-8c59-5fdb-b6ca-afa16d9c5c1e	False	False	True	2025-10-16 16:17:23.255
https://cfde-drc.s3.amazonaws.com/KidsFirst/C2M2/2025-12-16/20251215_frictionless.zip	2025-12-16 05:00:32.667	False		65af85ae-82d5-5b81-bc66-6bddaa6420ce	False	False	True	2025-12-16 05:00:32.667
https://cfde-drc.s3.amazonaws.com/MoTrPAC/Attribute Table/2025-04-10/motrpacratendurance_croissant.json	2025-04-10 21:41:58.261	True		a9aeab22-4fbc-5329-aef6-21110f463c23	True	True	False	2025-04-10 21:41:58.261
https://cfde-drc.s3.amazonaws.com/SPARC/C2M2/2024-12-17/c2m2_2024DEC16_submit.zip	2024-12-17 06:27:45.220	True		2399794e-74c6-5735-a039-0782cdeeb1e2	False	False	True	2024-12-17 06:27:45.220
https://cfde-drc.s3.amazonaws.com/SPARC/C2M2/2024-12-17/c2m2_2024DEC16_upload.zip	2024-12-17 06:37:10.473	True		2399794e-74c6-5735-a039-0782cdeeb1e2	False	False	True	2024-12-17 06:37:10.473
https://cfde-drc.s3.amazonaws.com/KidsFirst/C2M2/2024-12-20/20241218_frictionless.zip	2024-12-20 14:48:57.098	False		65af85ae-82d5-5b81-bc66-6bddaa6420ce	True	True	False	2024-12-20 14:48:57.098
https://cfde-drc.s3.amazonaws.com/ExRNA/C2M2/2024-12-18/CFDE_20241216.zip	2024-12-18 18:29:15.905	True		f65babf7-2875-5725-9635-210d654533f1	False	False	True	2024-12-18 18:29:15.905
https://cfde-drc.s3.amazonaws.com/SPARC/C2M2/2024-12-17/c2m2_2024DEC16_sparc.zip	2024-12-17 06:41:44.334	False		2399794e-74c6-5735-a039-0782cdeeb1e2	True	True	False	2024-12-17 06:41:44.334
https://models.physiomeproject.org/e/cfd/BG_LRGbinding_B1AR.cellml/view	2025-06-06 18:03:25.342	True		2399794e-74c6-5735-a039-0782cdeeb1e2	True	True	False	2025-06-06 18:03:25.342
https://cfde-drc.s3.amazonaws.com/LINCS/XMT/2024-12-11/rummageo_chemical_perturbations.gmt	2024-12-11 18:11:11.631	False		f3f490cf-fd69-579c-8ea3-472c7cf3fb59	True	True	True	2024-12-11 18:11:11.631
https://cfde-drc.s3.amazonaws.com/LINCS/XMT/2024-12-19/rummageo_chemical_perturbations.gmt	2024-12-19 15:50:20.188	True		f3f490cf-fd69-579c-8ea3-472c7cf3fb59	True	True	False	2024-12-19 15:50:20.188
https://cfde-drc.s3.amazonaws.com/LINCS/XMT/2024-12-19/rummageo_gene_perturbations.gmt	2024-12-19 15:50:06.004	True		f3f490cf-fd69-579c-8ea3-472c7cf3fb59	True	True	False	2024-12-19 15:50:06.004
https://models.physiomeproject.org/e/cd7/BG_HKE.cellml/view	2025-06-06 17:34:59.955	True		2399794e-74c6-5735-a039-0782cdeeb1e2	True	True	False	2025-06-06 17:34:59.955
https://cfde-drc.s3.amazonaws.com/HuBMAP/C2M2/2025-03-04/HuBMAP_C2M2_Spring_2025.zip	2025-03-04 15:11:49.397	False		803ad44d-e7a2-550a-95c6-57855bf06be8	False	False	False	2025-03-04 15:11:49.397
https://cfde-drc.s3.amazonaws.com/SenNet/C2M2/2025-03-04/SenNet_C2M2_Spring_2025.zip	2025-03-04 15:03:27.696	False		dd66e8a5-0e05-5a43-a0ca-18cc3698bb36	False	False	False	2025-03-04 15:03:27.696
https://models.physiomeproject.org/e/cae/GLUT2_BG.cellml/view	2025-06-06 17:35:04.615	True		2399794e-74c6-5735-a039-0782cdeeb1e2	True	True	False	2025-06-06 17:35:04.615
https://cfde-drc.s3.amazonaws.com/GTEx/C2M2/2025-01-15/submission.zip	2025-01-15 15:57:28.898	True		b3028db2-209c-5862-8f4d-33c5b312332e	True	True	False	2025-01-15 15:57:28.898
https://models.physiomeproject.org/e/d1a/BG_cAMP.cellml/view	2025-06-06 17:37:23.725	True		2399794e-74c6-5735-a039-0782cdeeb1e2	True	True	False	2025-06-06 17:36:02.321
https://cavatica.sbgenomics.com/public/apps/yukeyang/pointwise-mutual-information-pmi-model-based-pathogenic-noncoding-variant-discovery/pmi-model-analysis-2	2025-03-20 19:40:49.311	True		f65babf7-2875-5725-9635-210d654533f1	True	True	False	2025-03-20 18:57:40.251
https://cfde-drc.s3.amazonaws.com/ExRNA/C2M2/2024-12-18/CFDE_20241216_2.zip	2024-12-18 19:49:08.605	False		f65babf7-2875-5725-9635-210d654533f1	True	False	False	2024-12-18 19:49:08.605
https://genboree.org/docs/ldh-dss/	2025-09-15 19:46:12.014	True		f65babf7-2875-5725-9635-210d654533f1	True	True	False	2025-09-15 19:46:12.014
https://cfde-drc.s3.amazonaws.com/GlyGen/C2M2/2025-12-12/glygen_cfde_2025_dec_data_submission.zip	2025-12-12 21:48:08.499	True		e31052b0-ac50-5ede-9828-698ff3610427	False	True	False	2025-12-12 21:48:08.499
https://cfde-drc.s3.amazonaws.com/LINCS/Attribute Table/2025-06-25/rummageogene.json	2025-06-25 15:51:34.737	True		f3f490cf-fd69-579c-8ea3-472c7cf3fb59	True	True	False	2025-06-25 15:51:34.737
https://cfde-drc.s3.amazonaws.com/LINCS/XMT/2025-06-25/RummaGEO_GenePerturbationSignatures.gmt.txt	2025-06-25 15:51:15.841	True		f3f490cf-fd69-579c-8ea3-472c7cf3fb59	True	True	False	2025-06-25 15:51:15.841
https://cfde-drc.s3.amazonaws.com/ExRNA/C2M2/2025-03-17/CFDE_20250317.zip	2025-03-17 19:55:47.594	False		f65babf7-2875-5725-9635-210d654533f1	False	True	False	2025-03-17 19:55:47.594
https://cfde-drc.s3.amazonaws.com/4DN/C2M2/2025-03-05/2025-03-04-4dn-c2m2-submission.zip	2025-03-05 18:20:23.665	False		d6bb00c3-7224-5001-b9c5-9838622fba40	True	True	False	2025-03-05 18:20:23.665
https://cfde-drc.s3.amazonaws.com/LINCS/Attribute Table/2025-06-25/rummageodrug.json	2025-06-25 15:48:21.079	True		f3f490cf-fd69-579c-8ea3-472c7cf3fb59	True	True	False	2025-06-25 15:48:21.079
https://cfde-drc.s3.amazonaws.com/GTEx/C2M2/2023-09-01/GTEx_C2M2_2023-09-01_datapackage.zip	2023-09-01 00:00:00.000	False		b3028db2-209c-5862-8f4d-33c5b312332e	True	True	False	2023-09-01 00:00:00.000
https://cfde-drc.s3.amazonaws.com/SCGE/C2M2/2025-07-17/C2M2-4.zip	2025-07-17 19:17:05.001	True		38468653-8c59-5fdb-b6ca-afa16d9c5c1e	False	False	True	2025-07-17 19:17:05.001
https://cfde-drc.s3.amazonaws.com/SCGE/XMT/2025-05-13/study.smt	2025-05-13 20:42:50.968	True		38468653-8c59-5fdb-b6ca-afa16d9c5c1e	True	False	True	2025-05-13 20:42:50.968
https://cfde-drc.s3.amazonaws.com/Metabolomics/C2M2/2025-09-22/MW_submission_packet_20250916.zip	2025-09-22 21:40:17.661	False		089d8d63-3364-526f-9706-80d62d0ec88c	False	True	True	2025-09-22 21:40:17.661
https://cfde-drc.s3.amazonaws.com/4DN/C2M2/2025-09-17/250917_c2m2_4dn_sub.zip	2025-09-17 15:43:49.576	False		d6bb00c3-7224-5001-b9c5-9838622fba40	False	True	False	2025-09-17 15:43:49.576
https://cfde-drc.s3.amazonaws.com/SCGE/C2M2/2025-10-16/scge_c2m2_submission_20251016_123533.zip	2025-10-16 18:11:34.585	True		38468653-8c59-5fdb-b6ca-afa16d9c5c1e	False	False	True	2025-10-16 18:11:34.585
https://cfde-drc.s3.amazonaws.com/KidsFirst/C2M2/2025-12-16/20251215_frictionless3.zip	2025-12-16 05:23:46.827	True		65af85ae-82d5-5b81-bc66-6bddaa6420ce	True	True	False	2025-12-16 05:23:46.827
https://cfde-drc.s3.amazonaws.com/Metabolomics/C2M2/2025-09-22/MW_submission_packet_20250922.zip	2025-09-22 22:22:56.083	False		089d8d63-3364-526f-9706-80d62d0ec88c	True	True	False	2025-09-22 22:22:56.083
https://exrna-atlas.org/	2025-03-20 18:58:09.230	True		f65babf7-2875-5725-9635-210d654533f1	True	True	False	2025-03-20 18:58:09.230
https://cfde-drc.s3.amazonaws.com/SenNet/C2M2/2025-06-12/SenNet_C2M2_Summer_2025.zip	2025-06-12 13:50:28.375	False		dd66e8a5-0e05-5a43-a0ca-18cc3698bb36	True	True	False	2025-06-12 13:50:28.375
https://cfde-drc.s3.amazonaws.com/SPARC/C2M2/2025-09-18/C2M2_datapackage.zip	2025-09-18 02:18:10.378	False		2399794e-74c6-5735-a039-0782cdeeb1e2	False	True	True	2025-09-18 02:18:10.378
https://cfde-drc.s3.amazonaws.com/GlyGen/C2M2/2025-03-18/data.zip	2025-03-18 03:24:07.915	False		e31052b0-ac50-5ede-9828-698ff3610427	False	True	False	2025-03-18 03:24:07.915
https://cfde-drc.s3.amazonaws.com/Metabolomics/C2M2/2025-12-15/MW_submission_packet_20251214.zip	2025-12-15 17:32:24.414	True		089d8d63-3364-526f-9706-80d62d0ec88c	True	True	False	2025-12-15 17:32:24.414
https://cfde-drc.s3.amazonaws.com/GTEx/Attribute Table/2025-04-10/gtexsample_croissant.json	2025-04-10 21:43:43.167	True		b3028db2-209c-5862-8f4d-33c5b312332e	False	True	False	2025-04-10 21:43:43.167
https://cfde-drc.s3.amazonaws.com/HuBMAP/C2M2/2025-03-06/HuBMAP_C2M2_Spring_2025.zip	2025-03-06 17:46:03.425	False		803ad44d-e7a2-550a-95c6-57855bf06be8	True	True	False	2025-03-06 17:46:03.425
https://cfde-drc.s3.amazonaws.com/HuBMAP/C2M2/2025-12-16/C2M2_datapackage.zip	2025-12-16 10:11:24.556	True		803ad44d-e7a2-550a-95c6-57855bf06be8	True	True	False	2025-12-16 10:11:24.556
https://cfde-drc.s3.amazonaws.com/SPARC/KG Assertions/2025-05-22/SPARC-SCKAN-2025MAY.zip	2025-05-22 16:07:50.814	True		2399794e-74c6-5735-a039-0782cdeeb1e2	True	True	False	2025-05-22 16:07:50.814
https://models.physiomeproject.org/e/ce5/BG_TRPN.cellml/view	2025-06-06 17:35:48.275	True		2399794e-74c6-5735-a039-0782cdeeb1e2	True	True	False	2025-06-06 17:35:48.275
https://models.physiomeproject.org/e/cf8/BG_Inhib1.cellml/view	2025-06-06 17:36:28.874	True		2399794e-74c6-5735-a039-0782cdeeb1e2	True	True	False	2025-06-06 17:36:28.874
https://models.physiomeproject.org/e/cc0/BG_CaT.cellml/view	2025-06-06 17:36:45.876	True		2399794e-74c6-5735-a039-0782cdeeb1e2	True	True	False	2025-06-06 17:36:45.876
https://cfde-drc.s3.amazonaws.com/SCGE/C2M2/2025-07-17/C2M2-5.zip	2025-07-17 19:21:32.870	True		38468653-8c59-5fdb-b6ca-afa16d9c5c1e	False	False	True	2025-07-17 19:21:32.870
https://cfde-drc.s3.amazonaws.com/GlyGen/C2M2/2025-07-11/glygen_cfde_june_2025_data_submission.zip	2025-07-11 15:25:27.429	False		e31052b0-ac50-5ede-9828-698ff3610427	True	True	False	2025-07-11 15:25:27.429
https://cfde-drc.s3.amazonaws.com/KidsFirst/C2M2/2025-06-27/20250626_frictionless.zip	2025-06-27 00:53:08.574	False		65af85ae-82d5-5b81-bc66-6bddaa6420ce	True	True	False	2025-06-27 00:53:08.574
https://genboree.org/ldh/dss/exRNA/ns/exGL/set/annotation_json/	2025-09-15 19:53:00.065	True		f65babf7-2875-5725-9635-210d654533f1	False	False	True	2025-09-15 19:53:00.065
https://cfde-drc.s3.amazonaws.com/SCGE/C2M2/2025-10-16/scge_cfde_submission_20251016_142600.zip	2025-10-16 19:29:04.999	True		38468653-8c59-5fdb-b6ca-afa16d9c5c1e	False	False	True	2025-10-16 19:29:04.999
https://cfde-drc.s3.amazonaws.com/KidsFirst/C2M2/2025-03-18/20250318_frictionless.zip	2025-03-18 19:49:59.670	False		65af85ae-82d5-5b81-bc66-6bddaa6420ce	True	True	False	2025-03-18 19:49:59.670
https://cfde-drc.s3.amazonaws.com/SPARC/C2M2/2025-09-23/C2M2_datapackage_202509.zip	2025-09-23 01:28:36.267	False		2399794e-74c6-5735-a039-0782cdeeb1e2	True	True	False	2025-09-23 01:28:36.267
https://cfde-drc.s3.amazonaws.com/HuBMAP/C2M2/2025-06-12/HuBMAP_C2M2_Summer_2025.zip	2025-06-12 13:51:44.131	False		803ad44d-e7a2-550a-95c6-57855bf06be8	True	True	False	2025-06-12 13:51:44.131
https://cfde-drc.s3.amazonaws.com/HuBMAP/XMT/2025-03-21/HuBMAP_ASCT+B.gmt	2025-03-21 13:48:00.806	True		803ad44d-e7a2-550a-95c6-57855bf06be8	False	False	True	2025-03-21 13:48:00.806
https://cfde-drc.s3.amazonaws.com/4DN/C2M2/2025-12-15/251215_4dn_c2m2_submission.zip	2025-12-15 21:43:16.197	True		d6bb00c3-7224-5001-b9c5-9838622fba40	True	True	False	2025-12-15 21:43:16.197
https://cfde-drc.s3.amazonaws.com/GTEx/Attribute Table/2025-04-10/gtextissue_croissant.json	2025-04-10 21:44:15.764	True		b3028db2-209c-5862-8f4d-33c5b312332e	False	True	False	2025-04-10 21:44:15.764
https://cfde-drc.s3.amazonaws.com/SCGE/C2M2/2025-07-11/C2M2.zip	2025-07-11 20:23:08.042	True		38468653-8c59-5fdb-b6ca-afa16d9c5c1e	False	False	True	2025-07-11 20:23:08.042
https://cfde-drc.s3.amazonaws.com/SenNet/C2M2/2025-03-06/SenNet_C2M2_Spring_2025.zip	2025-03-06 19:14:35.379	False		dd66e8a5-0e05-5a43-a0ca-18cc3698bb36	True	True	False	2025-03-06 19:14:35.379
https://models.physiomeproject.org/e/cba/BG_ABC.cellml/view	2025-06-06 17:28:12.781	True		2399794e-74c6-5735-a039-0782cdeeb1e2	True	True	False	2025-06-06 17:28:12.781
https://models.physiomeproject.org/e/c8c/BG_SGLT1.cellml/view	2025-06-06 17:36:42.634	True		2399794e-74c6-5735-a039-0782cdeeb1e2	True	True	False	2025-06-06 17:36:42.634
https://models.physiomeproject.org/e/ce7/BG_sGC.cellml/view	2025-06-06 17:37:20.285	True		2399794e-74c6-5735-a039-0782cdeeb1e2	True	True	False	2025-06-06 17:37:20.285
https://cfde-drc.s3.amazonaws.com/SCGE/C2M2/2025-10-16/scge_cfde_submission_20251016_143304.zip	2025-10-16 19:34:53.305	True		38468653-8c59-5fdb-b6ca-afa16d9c5c1e	True	True	False	2025-10-16 19:34:53.305
https://cfde-drc.s3.amazonaws.com/Bridge2AI/C2M2/2026-01-08/C2M2_datapackage.zip	2026-01-08 07:14:53.636	True		75b3be39-a021-5d80-b7e2-2a7938a1e11a	True	True	False	2026-01-08 07:14:53.636
https://cfde-drc.s3.amazonaws.com/SCGE/C2M2/2025-07-17/C2M2-6.zip	2025-07-17 19:30:31.306	True		38468653-8c59-5fdb-b6ca-afa16d9c5c1e	False	False	True	2025-07-17 19:30:31.306
https://genboree.org/ldh/dss/exRNA/ns/exGL/set/annotation_json/id/{exGLid}/data	2025-09-16 20:50:58.924	True		f65babf7-2875-5725-9635-210d654533f1	True	True	False	2025-09-15 19:57:48.168
https://api.glygen.org/	2021-04-02 00:00:00.000	True		e31052b0-ac50-5ede-9828-698ff3610427	True	False	False	2021-04-02 00:00:00.000
https://cfde-drc.s3.amazonaws.com/ExRNA/C2M2/2025-09-18/exRNA_CFDE_091825.zip	2025-09-18 20:17:04.038	False		f65babf7-2875-5725-9635-210d654533f1	False	True	False	2025-09-18 20:17:04.038
https://models.physiomeproject.org/e/cca/BG_Kr.cellml/view	2025-06-06 17:42:16.186	True		2399794e-74c6-5735-a039-0782cdeeb1e2	True	True	False	2025-06-06 17:42:16.186
https://cfde-drc.s3.amazonaws.com/LINCS/Attribute Table/2025-03-10/l1000crispr_croissant.json	2025-03-10 20:08:29.743	True		f3f490cf-fd69-579c-8ea3-472c7cf3fb59	True	True	False	2025-03-10 20:08:29.743
https://models.physiomeproject.org/e/d1f/BG_GPCR_M2_reduced.cellml/view	2025-06-06 17:44:41.549	True		2399794e-74c6-5735-a039-0782cdeeb1e2	True	True	False	2025-06-06 17:44:41.549
https://cfde-drc.s3.amazonaws.com/GlyGen/C2M2/2025-09-04/glygen_cfde_2025_sept_data_submission.zip	2025-09-04 03:08:59.757	False		e31052b0-ac50-5ede-9828-698ff3610427	True	True	False	2025-09-04 03:08:59.757
https://cfde-drc.s3.amazonaws.com/4DN/C2M2/2025-09-24/250924_c2m2_4dn_sub.zip	2025-09-24 15:34:00.544	False		d6bb00c3-7224-5001-b9c5-9838622fba40	True	True	False	2025-09-24 15:34:00.544
https://cfde-drc.s3.amazonaws.com/Bridge2AI/C2M2/2025-10-24/cm4ai-datapackage.zip	2025-10-24 22:35:37.350	True		75b3be39-a021-5d80-b7e2-2a7938a1e11a	False	True	False	2025-10-24 22:35:37.350
https://cfde-drc.s3.amazonaws.com/SenNet/C2M2/2025-12-16/C2M2_datapackage.zip	2025-12-16 00:05:46.894	True		dd66e8a5-0e05-5a43-a0ca-18cc3698bb36	True	True	False	2025-12-16 00:05:46.894
https://cfde-drc.s3.amazonaws.com/GTEx/Attribute Table/2025-04-10/gtexagingsignatures_croissant.json	2025-04-10 21:44:27.969	True		b3028db2-209c-5862-8f4d-33c5b312332e	False	True	False	2025-04-10 21:44:27.969
https://cfde-drc.s3.amazonaws.com/HuBMAP/XMT/2025-03-21/HuBMAP_ASCT-B.gmt	2025-03-21 13:56:21.963	True		803ad44d-e7a2-550a-95c6-57855bf06be8	True	True	False	2025-03-21 13:56:21.963
https://models.physiomeproject.org/e/ca4/BG_AE3.cellml/view	2025-06-06 17:30:29.258	True		2399794e-74c6-5735-a039-0782cdeeb1e2	True	True	False	2025-06-06 17:30:29.258
https://models.physiomeproject.org/e/cbd/BG_CaB.cellml/view	2025-06-06 17:32:40.734	True		2399794e-74c6-5735-a039-0782cdeeb1e2	True	True	False	2025-06-06 17:32:40.734
https://models.physiomeproject.org/e/ceb/BG_IPR.cellml/view	2025-06-06 17:37:17.206	True		2399794e-74c6-5735-a039-0782cdeeb1e2	True	True	False	2025-06-06 17:37:17.206
https://models.physiomeproject.org/e/d34/BG_RTK.cellml/view	2025-06-06 17:39:40.099	True		2399794e-74c6-5735-a039-0782cdeeb1e2	True	True	False	2025-06-06 17:39:40.099
https://models.physiomeproject.org/e/cc6/BG_Kp.cellml/view	2025-06-06 17:41:11.678	True		2399794e-74c6-5735-a039-0782cdeeb1e2	True	True	False	2025-06-06 17:41:11.678
https://models.physiomeproject.org/e/ca0/BG_NHE1.cellml/view	2025-06-06 17:42:02.492	True		2399794e-74c6-5735-a039-0782cdeeb1e2	True	True	False	2025-06-06 17:42:02.492
https://models.physiomeproject.org/e/cc3/BG_funny.cellml/view	2025-06-06 17:42:06.100	True		2399794e-74c6-5735-a039-0782cdeeb1e2	True	True	False	2025-06-06 17:42:06.100
https://cfde-drc.s3.amazonaws.com/Metabolomics/C2M2/2025-06-12/MW_submission_packet_20250612.zip	2025-06-12 19:18:21.607	False		089d8d63-3364-526f-9706-80d62d0ec88c	True	True	False	2025-06-12 19:18:21.607
https://cfde-drc.s3.amazonaws.com/SPARC/C2M2/2025-03-19/c2m2_2025MAR18_submit.zip	2025-03-19 06:42:18.594	False		2399794e-74c6-5735-a039-0782cdeeb1e2	True	True	False	2025-03-19 06:42:18.594
https://cfde-drc.s3.amazonaws.com/SCGE/C2M2/2025-09-19/C2M2.zip	2025-09-19 15:43:41.522	True		38468653-8c59-5fdb-b6ca-afa16d9c5c1e	False	False	True	2025-09-19 15:43:41.522
https://exrna-atlas.org/exrna/exgl-query/	2025-09-15 20:01:35.775	True		f65babf7-2875-5725-9635-210d654533f1	True	True	False	2025-09-15 20:01:35.775
https://github.com/unmtransinfo/IDG-CFDE-ETL	2025-07-14 11:16:39.059	True		a1289ebb-0306-59a1-b0fc-e4d03a4790d7	True	True	False	2025-07-14 11:16:39.059
https://github.com/nih-cfde/playbook-partnership/blob/main/components/service/regulatoryElementInfo/index.tsx	2023-10-19 00:00:00.000	True		f65babf7-2875-5725-9635-210d654533f1	True	False	False	2023-10-19 00:00:00.000
https://smart-api.info/ui/c8e4c6c6633ead7ddc2ecf3dc6ac97b2	2018-08-07 00:00:00.000	False		f3f490cf-fd69-579c-8ea3-472c7cf3fb59	False	True	False	2018-08-07 00:00:00.000
https://smart-api.info/ui/8113167e81987d36b707ae4aa795b17e	2022-04-05 00:00:00.000	True		f3f490cf-fd69-579c-8ea3-472c7cf3fb59	True	True	False	2022-04-05 00:00:00.000
https://smart-api.info/ui/75cfc060ea7bec431a356c00c4a67c74	2022-05-22 00:00:00.000	True		f3f490cf-fd69-579c-8ea3-472c7cf3fb59	True	True	False	2022-05-22 00:00:00.000
https://smart-api.info/ui/02ff8a216233cad70e56c8c34fac7c1d	2023-01-31 00:00:00.000	True		f3f490cf-fd69-579c-8ea3-472c7cf3fb59	True	True	False	2023-01-31 00:00:00.000
https://smart-api.info/ui/235e75417247f07e5fed6acf3f345bb7	2023-01-31 00:00:00.000	True		f3f490cf-fd69-579c-8ea3-472c7cf3fb59	True	True	False	2023-01-31 00:00:00.000
https://smart-api.info/ui/c6fdcbd1d6be2a51c065e18eabed4bb1	2023-01-31 00:00:00.000	True		f3f490cf-fd69-579c-8ea3-472c7cf3fb59	True	True	False	2023-01-31 00:00:00.000
https://smart-api.info/ui/d2cd419fdeace3e941984bc542e9383f	2023-01-31 00:00:00.000	True		f3f490cf-fd69-579c-8ea3-472c7cf3fb59	True	True	False	2023-01-31 00:00:00.000
https://models.physiomeproject.org/e/cc7/BG_NaB.cellml/view	2025-06-06 17:45:25.837	True		2399794e-74c6-5735-a039-0782cdeeb1e2	True	True	False	2025-06-06 17:45:25.837
https://cfde-drc.s3.amazonaws.com/LINCS/Attribute Table/2025-03-10/l1000chempert_croissant.json	2025-03-10 20:08:57.448	True		f3f490cf-fd69-579c-8ea3-472c7cf3fb59	True	True	False	2025-03-10 20:08:57.448
https://models.physiomeproject.org/e/cc5/BG_K_ATP.cellml/view	2025-06-06 17:38:41.963	True		2399794e-74c6-5735-a039-0782cdeeb1e2	False	True	False	2025-06-06 17:38:41.963
https://cfde-drc.s3.amazonaws.com/ExRNA/C2M2/2025-06-13/CFDE_20250612.zip	2025-06-13 20:36:59.473	False		f65babf7-2875-5725-9635-210d654533f1	False	True	False	2025-06-13 20:36:59.473
https://cfde-drc.s3.amazonaws.com/GlyGen/C2M2/2025-04-14/GlyGen-March2025-C2M2sub-fixed.zip	2025-04-14 09:58:45.437	False		e31052b0-ac50-5ede-9828-698ff3610427	True	True	False	2025-04-14 09:58:45.437
https://models.physiomeproject.org/e/cc1/BG_Na.cellml/view	2025-06-06 17:30:38.633	True		2399794e-74c6-5735-a039-0782cdeeb1e2	True	True	False	2025-06-06 17:30:38.633
https://models.physiomeproject.org/e/d24/BG_SERCA.cellml/view	2025-06-06 17:38:05.836	True		2399794e-74c6-5735-a039-0782cdeeb1e2	True	True	False	2025-06-06 17:38:05.836
https://models.physiomeproject.org/e/d19/BG_cGMP.cellml/view	2025-06-06 17:38:27.988	True		2399794e-74c6-5735-a039-0782cdeeb1e2	True	True	False	2025-06-06 17:38:27.988
https://cfde-drc.s3.amazonaws.com/Bridge2AI/C2M2/2024-12-09/draft_C2M2_submission_TSVs.zip	2024-12-09 16:56:54.178	True		75b3be39-a021-5d80-b7e2-2a7938a1e11a	False	False	True	2024-12-09 16:56:54.178
https://bdcw.org/MetGENE/metGene.php?GeneInfoStr={gene.symbol}&GeneIDType=SYMBOL&species=hsa&anatomy=NA&disease_slim=&disease=NA	2024-03-08 00:17:57.482	True		089d8d63-3364-526f-9706-80d62d0ec88c	True	True	False	2024-03-08 00:17:57.482
https://github.com/nih-cfde/playbook-partnership/blob/main/components/MW/metgene_metabolites/index.tsx	2023-09-15 00:00:00.000	True		089d8d63-3364-526f-9706-80d62d0ec88c	True	True	False	2023-09-15 00:00:00.000
https://github.com/nickerso/simvuer	2025-10-09 17:42:45.534	True		2399794e-74c6-5735-a039-0782cdeeb1e2	False	True	False	2025-10-09 17:42:45.534
https://cfde-drc.s3.amazonaws.com/KidsFirst/C2M2/2025-09-15/20250915_frictionless.zip	2025-09-15 19:23:03.402	False		65af85ae-82d5-5b81-bc66-6bddaa6420ce	True	True	False	2025-09-15 19:23:03.402
https://cfde-drc.s3.amazonaws.com/SPARC/C2M2/2025-12-16/C2M2_datapackage_20251215.zip	2025-12-16 04:48:05.077	True		2399794e-74c6-5735-a039-0782cdeeb1e2	True	True	False	2025-12-16 04:48:05.077
